CustomerID,FirstName,LastName,Email,PhoneNumber,RegistrationDate,CreatedDate,LastUpdated
NDO9QTW0CHMA,Michael,Perry,jacksonmichael@example.org,2585169557,20-08-2022 16:44,20-08-2022 16:44,03-03-2023 16:44
DCX5ZFA3SZER,Adam,Morgan,nhernandez@example.org,001-616-955-1993x432,15-07-2022 00:28,15-07-2022 00:28,13-10-2022 00:28
IRB0ILP5TBPU,Amy,Johnson,ugardner@example.net,235.462.1013x13951,22-01-2023 02:43,22-01-2023 02:43,06-12-2023 02:43
ZSD1JRH4GMTC,Caroline,Moreno,monique89@example.com,339-994-9314,23-03-2022 02:50,23-03-2022 02:50,15-09-2022 02:50
DYM4HMF8PHPF,Stacey,Allen,zcallahan@example.org,(517)247-6125x9257,30-04-2024 04:15,30-04-2024 04:15,25-12-2024 04:15
LMC9WFI6SQWW,Deborah,Francis,robert80@example.net,(823)967-3525x965,15-02-2023 14:36,15-02-2023 14:36,23-12-2023 14:36
XKD6NYR3HEZO,Vanessa,Pugh,dawsoncynthia@example.net,310-996-7664x4450,07-02-2022 21:44,07-02-2022 21:44,26-12-2022 21:44
TXL8MME4OEHH,Aaron,Thompson,bmorrison@example.net,947-491-8006x69315,06-02-2022 02:20,06-02-2022 02:20,21-04-2022 02:20
PZE2ITW4MOJU,Maria,Merritt,robin57@example.net,(568)920-5969,28-08-2022 01:39,28-08-2022 01:39,14-02-2023 01:39
WLG6WFZ8TBGE,Harry,Martin,danielklein@example.org,001-395-836-2996x7154,01-11-2022 09:46,01-11-2022 09:46,29-06-2023 09:46
OLA3NXW5FVEL,Brenda,Garza,jimmybarker@example.net,(916)909-2745x39671,27-04-2024 18:47,27-04-2024 18:47,20-03-2025 18:47
ALT7DCD7LSYR,Emily,Ford,hannah72@example.com,430.982.2013,07-07-2023 09:11,07-07-2023 09:11,27-10-2023 09:11
ZGD7ATP7IHRB,Carla,Holmes,gbowen@example.com,(899)803-4612x5631,09-08-2024 04:31,09-08-2024 04:31,21-11-2024 04:31
ENB0NUI4LZYA,Stacey,Sullivan,brianadams@example.net,+1-244-654-3522x88910,29-06-2024 07:42,29-06-2024 07:42,02-12-2024 07:42
DNJ7VVG6VJAX,Jasmine,Reed,twright@example.net,758.868.4640x00272,07-07-2022 19:22,07-07-2022 19:22,16-04-2023 19:22
ITB2BHQ3KKBL,Phillip,Cortez,maureen04@example.com,(367)586-8923x572,24-05-2022 20:57,24-05-2022 20:57,03-06-2022 20:57
PKB5SBD3AKHF,Renee,Johnson,dlawrence@example.net,(350)276-7732x953,19-09-2022 06:43,19-09-2022 06:43,16-12-2022 06:43
IMY0PAD4KESC,Randy,Crane,cwhitehead@example.net,+1-969-679-3328x9310,01-04-2023 09:57,01-04-2023 09:57,16-11-2023 09:57
UIE5JAY2AXAE,Ronald,Bell,steven88@example.net,(557)360-3935x864,07-04-2023 21:35,07-04-2023 21:35,06-05-2023 21:35
LXY0ZNW0TDBH,April,Gutierrez,garciarobert@example.com,+1-859-475-4213x300,28-12-2020 00:30,28-12-2020 00:30,17-10-2021 00:30
TGQ2IIA9CNRT,Kathleen,Mendez,emilyanderson@example.net,305-817-9553x11931,20-08-2022 16:44,25-09-2022 19:26,10-10-2022 19:26
GIA6PIT7FFWX,Joshua,Reyes,pcoleman@example.com,001-579-355-8928,15-07-2022 00:28,10-07-2022 01:51,26-02-2023 01:51
DKR8SCT3SMVY,Robert,Schroeder,lmorris@example.org,268.608.1553x127,22-01-2023 02:43,16-02-2023 16:55,02-12-2023 16:55
NFW7OWR3MRST,Nicole,Walker,ielliott@example.com,550.637.8952x038,23-03-2022 02:50,28-12-2020 16:16,25-09-2021 16:16
SNF5AIZ2YJGK,Phillip,Gray,castilloheather@example.net,(600)378-3710,30-04-2024 04:15,14-10-2020 19:48,29-06-2021 19:48
BON4MMQ4XKNW,Kimberly,Smith,heather60@example.org,634.783.6304x6059,15-02-2023 14:36,12-09-2023 12:39,19-09-2023 12:39
XTR9IPP6RFGQ,Joanna,Bowman,perezteresa@example.com,(769)809-6466x539,07-02-2022 21:44,14-12-2021 04:01,09-04-2022 04:01
UMT7MMI0PHGS,Justin,Moore,garrisonkaren@example.org,+1-321-676-3712x01452,06-02-2022 02:20,25-09-2021 22:52,19-10-2021 22:52
JPH7PMO2YTHR,Jessica,Huff,lauraluna@example.com,677.558.4430,28-08-2022 01:39,05-05-2020 19:25,22-02-2021 19:25
PDP9TTP0ASEZ,Jeffrey,Jackson,jcaldwell@example.net,593-753-8698,01-11-2022 09:46,25-01-2023 21:41,21-04-2023 21:41
HVS6BQI8EQYS,Diana,Frazier,jennadaniels@example.org,2039416491,27-04-2024 18:47,18-04-2023 19:52,10-10-2023 19:52
PZL3LWO6UOIP,Anne,Vazquez,mirandadaniel@example.org,2158754575,07-07-2023 09:11,09-05-2020 18:11,30-03-2021 18:11
WVW6JYU6JHXO,William,Gilbert,swansonabigail@example.com,+1-946-630-2799x926,09-08-2024 04:31,19-05-2023 11:01,22-09-2023 11:01
YBJ8NIV7CGSJ,Phillip,Hudson,albertkelly@example.net,+1-696-978-2694x00091,29-06-2024 07:42,08-10-2023 10:50,06-12-2023 10:50
QLJ7QGN2UYCO,Brandi,Sanchez,michael11@example.com,501-861-4640x77219,07-07-2022 19:22,15-11-2023 13:40,06-09-2024 13:40
RDX6MGF1TOPH,Savannah,Henry,ethan67@example.net,532.746.6008,24-05-2022 20:57,18-11-2023 05:21,10-06-2024 05:21
WBV2IUS5MILD,Tyler,Moss,matthewhinton@example.net,001-555-593-2975x03699,19-09-2022 06:43,27-05-2022 18:25,29-05-2022 18:25
CJM8ACO6BBLR,Brooke,Johnson,mikejohnson@example.net,(232)207-6365x60683,01-04-2023 09:57,21-06-2021 23:58,17-07-2021 23:58
XNW4AZX1IIHH,Mario,Lawrence,dcampbell@example.com,539.743.8029x269,07-04-2023 21:35,08-05-2024 11:01,10-12-2024 11:01
OVD3ICD9VJGJ,Kelly,Harris,danielle45@example.net,983-524-1952x86701,28-12-2020 00:30,30-12-2023 19:53,19-01-2024 19:53
JKH1JEI7BGCL,Cody,Bruce,daltondennis@example.net,(484)935-2841x186,11-02-2022 14:18,11-02-2022 14:18,05-08-2022 14:18
JIW9XBX2PEVP,Alexander,Gilbert,peter12@example.org,287.762.2618x729,25-04-2022 15:21,25-04-2022 15:21,28-10-2022 15:21
UAM2UVF1QLTE,Shawna,Simpson,cstewart@example.net,-2536,03-08-2020 20:17,03-08-2020 20:17,16-10-2020 20:17
VOS4KRH4GPNN,Victoria,Kirk,louis94@example.com,337.426.6147x55916,21-04-2023 07:03,21-04-2023 07:03,07-05-2023 07:03
OCG9LSB3FKIL,Paul,Davis,opalmer@example.com,001-492-522-1580,20-01-2023 08:08,20-01-2023 08:08,17-08-2023 08:08
WSJ5REY0ADFS,Daniel,Reid,bobby76@example.org,6496713764,06-02-2024 00:11,06-02-2024 00:11,02-03-2024 00:11
NMZ9VTC2JKMS,Joel,Potter,drewsalazar@example.net,982-831-3738,02-07-2022 14:26,02-07-2022 14:26,06-06-2023 14:26
VWO5YAB9XWBK,Michael,Boyd,sherribell@example.net,001-592-800-9634,16-06-2022 19:45,16-06-2022 19:45,10-09-2022 19:45
QKA3PFU5RBUE,Jason,Gibbs,xshepherd@example.com,+1-385-546-9012x6278,18-01-2022 13:33,18-01-2022 13:33,23-10-2022 13:33
ITI0UBO0FZTX,Robert,Barnett,jose91@example.com,001-776-854-4086x6391,17-01-2022 19:56,17-01-2022 19:56,28-02-2022 19:56
RMF4DGV0ZFJV,Anna,Mann,ericsolis@example.com,889-676-7632,03-11-2022 09:37,03-11-2022 09:37,14-09-2023 09:37
FIN1ZUP8QWFK,Larry,Rose,youngstephen@example.com,798-969-0398x02112,10-08-2022 16:09,10-08-2022 16:09,24-09-2022 16:09
CZZ1LXH1SIZM,Crystal,Ruiz,williamconner@example.com,432.300.6352,04-12-2020 05:29,04-12-2020 05:29,23-09-2021 05:29
CSN1LIN5MQLQ,Taylor,Morris,walkerbrenda@example.com,(622)890-5849,22-01-2020 22:06,22-01-2020 22:06,13-04-2020 22:06
VFT9JHY0YSGI,Cynthia,Davis,gregorymccann@example.org,001-942-234-2574x87080,04-03-2024 05:23,04-03-2024 05:23,27-04-2024 05:23
TZI3DIR9RVWJ,Robin,Walker,junderwood@example.com,5263950100,16-09-2022 06:27,16-09-2022 06:27,23-03-2023 06:27
RXO5RWE1UAXW,Susan,Martin,weeksmitchell@example.org,-7341,27-01-2020 10:40,27-01-2020 10:40,27-07-2020 10:40
NPO0BSB3GGQV,Erik,Brown,william84@example.net,836.980.3809,01-10-2022 13:51,01-10-2022 13:51,30-03-2023 13:51
KJG8UYI0JUBC,Vanessa,Blair,mmorales@example.org,(722)884-0587,06-02-2021 14:57,06-02-2021 14:57,06-05-2021 14:57
CYI2TIP5FYIT,Katie,Gentry,waltonbenjamin@example.org,(336)966-9675x0907,27-07-2023 11:35,27-07-2023 11:35,04-10-2023 11:35
EOE1PEI3HOEN,Kimberly,Johnson,calvinfox@example.com,352.421.9256x151,29-03-2024 08:35,29-03-2024 08:35,06-08-2024 08:35
CYF5SNG6NRPV,Victoria,Obrien,jason10@example.net,001-552-964-2264x3389,28-03-2021 21:57,28-03-2021 21:57,14-07-2021 21:57
AJL9GDP5FJRO,Paul,Evans,shermanmichael@example.com,9247667882,29-08-2023 09:55,29-08-2023 09:55,30-12-2023 09:55
WWZ2EXY7IBLO,Daniel,Hicks,yjohnson@example.net,901-496-0244,07-03-2021 15:16,07-03-2021 15:16,24-04-2021 15:16
URO1MVG1YVMT,Elijah,Brown,james17@example.org,(320)590-5017,05-05-2024 16:47,05-05-2024 16:47,01-02-2025 16:47
PKR6TIX6RTGA,Kelly,Robertson,xrogers@example.com,-2618,07-12-2021 13:05,07-12-2021 13:05,06-09-2022 13:05
UOC2QEK5AJJQ,Melissa,Jones,deanpaul@example.com,897.593.7419x1393,04-05-2020 07:48,04-05-2020 07:48,28-12-2020 07:48
ELY9JFB8WAAL,Joseph,Ruiz,davisjennifer@example.org,9564604807,06-12-2021 12:38,06-12-2021 12:38,16-02-2022 12:38
LBC4ZWW4IUFX,Elizabeth,Chase,williamsmichael@example.net,+1-730-845-8130x08385,24-03-2024 23:00,24-03-2024 23:00,25-07-2024 23:00
QXK6DXV4SFYD,Tonya,Duncan,spencejoseph@example.com,302-910-5975,23-05-2024 23:44,23-05-2024 23:44,08-01-2025 23:44
FMB1DDI3PWQR,Cesar,Moore,tboyle@example.net,-1556,19-09-2021 22:49,19-09-2021 22:49,29-07-2022 22:49
TFU1YJN8NUIP,Daniel,Bennett,michellemitchell@example.net,+1-918-322-9507x206,04-02-2022 05:16,04-02-2022 05:16,01-07-2022 05:16
AQQ7SGN5ZZXY,Mary,Stephens,judygeorge@example.com,3352022994,16-10-2021 17:40,16-10-2021 17:40,16-05-2022 17:40
YZL9VUW7MAAA,William,Galloway,mdavis@example.net,671-456-0134x120,22-05-2024 15:12,22-05-2024 15:12,09-11-2024 15:12
XMJ1BLV4ULEM,Laura,Chen,karen59@example.com,001-660-851-2509x926,15-08-2022 11:55,15-08-2022 11:55,24-01-2023 11:55
JYA9TSA5FNTK,Jacqueline,Maldonado,ureid@example.com,307.537.6225x948,31-05-2022 00:01,31-05-2022 00:01,21-07-2022 00:01
QKH3AWJ5HPMU,Kyle,Allen,joycewhite@example.org,(425)643-6951x51108,09-04-2022 00:17,09-04-2022 00:17,31-03-2023 00:17
KGL3UZD9LBFL,Melissa,Mueller,jody57@example.org,001-293-718-2667,15-05-2023 00:39,15-05-2023 00:39,12-07-2023 00:39
SGO3VEE9DDPC,Daniel,Garza,robertsmargaret@example.org,+1-626-980-4206x749,16-09-2022 00:48,16-09-2022 00:48,06-05-2023 00:48
XTJ3VOA0KQGH,Rodney,Santos,hglass@example.net,340.573.5883,27-05-2021 19:41,27-05-2021 19:41,30-01-2022 19:41
QLB5GMA3LDYF,Crystal,Hicks,hcortez@example.net,001-523-643-9188,01-03-2024 07:59,01-03-2024 07:59,27-02-2025 07:59
KYW9HAK2KRMK,Tara,Carney,martinjohnson@example.org,-3235,11-11-2023 22:55,11-11-2023 22:55,21-02-2024 22:55
ELZ9EQC6AUBT,Lauren,Long,danielle50@example.net,(769)624-7769,08-04-2024 19:52,08-04-2024 19:52,06-12-2024 19:52
XXN3RXJ4WORG,Thomas,Foster,christopherturner@example.com,(879)824-0110,18-12-2020 09:18,18-12-2020 09:18,05-01-2021 09:18
LBM3FPG9IHYV,Lynn,Barton,samantha03@example.net,650.964.4189,23-11-2023 23:22,23-11-2023 23:22,26-03-2024 23:22
KFW5QPF0KDGB,Gloria,Brennan,diana52@example.com,+1-239-583-2498x1087,20-08-2021 02:02,20-08-2021 02:02,09-08-2022 02:02
ZII0UEL9LGJW,Suzanne,Brown,hicksbrandi@example.com,001-728-525-2517x638,05-12-2020 13:17,05-12-2020 13:17,13-05-2021 13:17
NUK5CAD1YXTP,Judith,Hall,chenry@example.com,8283950932,12-03-2021 23:23,12-03-2021 23:23,16-02-2022 23:23
VEM2SZD4UBWW,Jose,Ritter,janewilson@example.org,777.419.8474,08-11-2020 07:13,08-11-2020 07:13,03-10-2021 07:13
BAV0XIT8ARXD,Laurie,Jones,petermartin@example.org,-7261,22-05-2023 21:47,22-05-2023 21:47,31-03-2024 21:47
FBZ0QFL9OFFL,Sylvia,Hale,harold58@example.org,283.283.4679x898,04-12-2021 09:47,04-12-2021 09:47,15-07-2022 09:47
WLB9QPZ3KJIW,Jill,Abbott,sfriedman@example.com,869.990.5830x2608,06-01-2024 09:53,06-01-2024 09:53,13-07-2024 09:53
AMT4AGO1BFCT,Seth,Smith,hannahedwards@example.com,546.344.6861x82930,17-04-2023 19:44,17-04-2023 19:44,01-11-2023 19:44
GNC2ZKZ4IMLX,Michael,Warren,glenntaylor@example.net,870.362.5324,31-01-2021 16:03,31-01-2021 16:03,12-05-2021 16:03
QYJ5QOD9OMAE,Christina,Lyons,umorris@example.org,001-292-749-7768x20961,20-07-2023 00:52,20-07-2023 00:52,27-12-2023 00:52
VVW5TPL5GMJP,Joshua,Stein,smithvictoria@example.org,394.944.1773,08-04-2023 03:04,08-04-2023 03:04,09-12-2023 03:04
VMX2YAN0OCFP,Anthony,Rhodes,lhernandez@example.net,(615)487-4420x06377,18-11-2023 08:03,18-11-2023 08:03,17-10-2024 08:03
UAD3FBH2PHUX,Randy,Calhoun,xstephens@example.org,(402)414-5223x53202,08-08-2024 06:03,08-08-2024 06:03,29-08-2024 06:03
WHV9MYI3IGYZ,Theresa,Murphy,npeterson@example.com,(791)361-4090,14-07-2020 00:38,14-07-2020 00:38,17-07-2020 00:38
SVB2XMJ7QCDC,William,Stout,drewcarter@example.org,001-215-573-0836x28571,22-03-2022 17:14,22-03-2022 17:14,08-05-2022 17:14
IRO9MRO4UZDF,Vanessa,Phillips,robert14@example.com,-6746,21-02-2021 05:13,21-02-2021 05:13,04-10-2021 05:13
PWQ5HTJ7DDBM,Jacob,Saunders,hchang@example.net,(479)381-3338x6956,25-01-2022 21:27,25-01-2022 21:27,25-02-2022 21:27
DXA8VSQ0IWRS,Michele,Harding,fordian@example.org,001-692-972-2808x475,18-08-2021 22:08,18-08-2021 22:08,18-06-2022 22:08
KNX7GZG5VVFF,Dawn,Coffey,gabriel78@example.org,(923)708-4413x0555,25-05-2021 15:01,25-05-2021 15:01,23-08-2021 15:01
NWA8LWE6SIXA,Michelle,Nichols,cheryl96@example.com,938-758-5205,12-03-2022 23:33,12-03-2022 23:33,23-08-2022 23:33
DQN6UZV4PXOK,Kathy,Griffith,ellisalyssa@example.org,534.657.7491,23-05-2020 06:48,23-05-2020 06:48,19-06-2020 06:48
HAU8DMI2OTVC,James,Miller,garciajennifer@example.org,(450)451-4956x2954,26-05-2020 21:26,26-05-2020 21:26,14-10-2020 21:26
VFP9ECC1DNEG,Sarah,Munoz,tclayton@example.net,643-428-6160,12-08-2024 15:34,12-08-2024 15:34,07-02-2025 15:34
HRQ6LLI2PBZB,Michael,Ray,sarahcarter@example.com,001-526-242-8013x7100,21-01-2022 20:10,21-01-2022 20:10,28-10-2022 20:10
HDH6BTA4GMYV,Stephanie,Hansen,myerschristopher@example.org,573.930.0962,03-12-2021 05:52,03-12-2021 05:52,25-05-2022 05:52
ZPN2VLM7VAHO,Christopher,Williams,rogerjames@example.org,001-742-987-0137x746,24-07-2024 11:47,24-07-2024 11:47,11-12-2024 11:47
IBG6XFI3AGZR,Mark,Rogers,delgadotiffany@example.org,001-897-616-4359x9468,06-07-2020 23:31,06-07-2020 23:31,23-07-2020 23:31
XJN6TEU9DMLJ,Samantha,Brown,davisdaniel@example.net,(281)761-1221,26-02-2020 23:14,26-02-2020 23:14,09-02-2021 23:14
RHB5GXS3YVMV,Jason,Berry,holmesbarry@example.org,906.680.1150,20-03-2021 06:48,20-03-2021 06:48,29-04-2021 06:48
ACW1LBT7FRJO,Paul,Castro,kylecastro@example.net,5188123826,20-12-2023 14:31,20-12-2023 14:31,08-08-2024 14:31
WKA4OIJ5YOEA,Rebecca,Ortiz,matthewjackson@example.net,5528024775,29-08-2023 21:04,29-08-2023 21:04,01-10-2023 21:04
PJX6IJJ5DHYQ,Kristin,Patel,pamela79@example.net,(272)342-2759x4209,16-03-2023 02:35,16-03-2023 02:35,16-09-2023 02:35
SRU2VEZ6KUKH,Marvin,Gonzalez,yhill@example.com,(414)866-0719,09-12-2023 17:24,09-12-2023 17:24,24-05-2024 17:24
PNM3SRQ4MJPH,Brittany,Romero,lgonzalez@example.org,(289)962-3189x236,18-06-2024 12:24,18-06-2024 12:24,16-11-2024 12:24
MQP1UKQ7NCDJ,Meghan,Stewart,samanthadavenport@example.com,001-497-992-6206,17-02-2022 09:31,17-02-2022 09:31,11-08-2022 09:31
QAK0JFT5CELE,Angela,Young,amandatucker@example.org,9359375091,05-03-2023 14:44,05-03-2023 14:44,08-01-2024 14:44
KFR8KNQ7MYAB,Megan,Newman,guzmanjason@example.com,(303)453-2445,25-09-2022 01:14,25-09-2022 01:14,31-01-2023 01:14
JBC7JUX4WTTA,Michelle,Sexton,ufleming@example.org,001-921-364-9328x268,08-02-2021 10:37,08-02-2021 10:37,02-07-2021 10:37
MNN9ZZQ7ENDW,Lynn,Martin,christinepayne@example.net,+1-833-806-4701x277,07-06-2023 21:27,07-06-2023 21:27,26-07-2023 21:27
NNC5PWJ8WBYI,Emily,Davis,lesliegarcia@example.com,+1-761-504-6823x9232,08-01-2023 21:13,08-01-2023 21:13,23-01-2023 21:13
RYU2TAL5QGLK,Julie,Ponce,menglish@example.net,(792)511-8759,26-07-2023 11:39,26-07-2023 11:39,06-05-2024 11:39
ZRY6GKY1FSVK,Sara,Sutton,amanda47@example.net,(553)504-5139,02-04-2023 06:08,02-04-2023 06:08,15-01-2024 06:08
ZPQ2TEW5CEUV,Sierra,Aguilar,paulhenry@example.com,+1-695-234-6285x365,28-11-2021 06:29,28-11-2021 06:29,02-08-2022 06:29
TKI2JQF7EDUQ,Whitney,Rivera,jerry13@example.org,684-601-5485,30-09-2021 15:56,30-09-2021 15:56,14-02-2022 15:56
AKB6WCJ5FCYJ,Mary,Watson,madelinejames@example.net,+1-411-247-4853x69515,20-07-2020 19:10,20-07-2020 19:10,27-03-2021 19:10
EMA6ELQ5HTMK,Andrea,Morris,jennifer62@example.net,4538523784,13-03-2024 12:33,13-03-2024 12:33,17-03-2024 12:33
VWM6GEB0OAGM,Allen,Short,amccormick@example.org,421.876.2176x505,23-12-2020 15:19,23-12-2020 15:19,26-09-2021 15:19
FBG6DYF5MWMO,Amanda,Guzman,bjones@example.net,754.795.9920x636,02-05-2020 01:57,02-05-2020 01:57,31-05-2020 01:57
GMQ3IQA1SKMG,Vanessa,Edwards,georgevirginia@example.org,(681)888-4753x90816,11-08-2021 12:52,11-08-2021 12:52,14-08-2021 12:52
LAY1VGQ1BILQ,Katherine,Baker,wanda39@example.org,+1-639-735-5808x05989,01-11-2021 07:38,01-11-2021 07:38,02-09-2022 07:38
GZL3TVH4FGUC,Jennifer,Martin,murraymaria@example.net,898-814-5015x89662,25-03-2024 06:39,25-03-2024 06:39,13-07-2024 06:39
FCU9TTR6LVJA,Frank,Rodriguez,campbelljohn@example.net,574.449.1125x013,15-07-2024 11:42,15-07-2024 11:42,25-09-2024 11:42
GIV6YRY6YZMW,Rebecca,Hooper,cmiranda@example.com,889-309-7046x81139,11-05-2021 01:25,11-05-2021 01:25,02-09-2021 01:25
SXQ8KVT1SAHV,Brittany,Rios,josephclark@example.org,(291)638-4812,30-04-2023 03:43,30-04-2023 03:43,08-07-2023 03:43
RJH1UXX1UTUE,Philip,Wright,lewisamanda@example.com,(888)725-7142x1763,17-11-2022 19:53,17-11-2022 19:53,23-05-2023 19:53
NUX6VMI4HOPR,Ronald,Scott,jodicollins@example.com,955-412-0236x43984,05-09-2020 11:10,05-09-2020 11:10,25-03-2021 11:10
ZFS9ZOW9LFXE,David,Newman,ugarcia@example.com,5433815102,10-08-2024 18:01,10-08-2024 18:01,07-05-2025 18:01
BNM2BXM6XUBZ,Shane,Powell,bradley60@example.net,759.337.6745x27728,09-07-2024 15:44,09-07-2024 15:44,20-03-2025 15:44
EUC6LKK5MDMS,Jennifer,Cook,kempkatherine@example.net,3485910969,23-05-2022 17:43,23-05-2022 17:43,03-11-2022 17:43
GKV1TMG3QIIQ,David,Wilson,hbrown@example.org,(455)952-8052x1260,11-11-2023 22:28,11-11-2023 22:28,26-09-2024 22:28
QTH0DTF1RAPC,Jason,Carson,kurtsuarez@example.net,+1-793-435-9527x13468,08-12-2021 03:28,08-12-2021 03:28,07-11-2022 03:28
BWK2FSE8KZSG,Carla,Johnson,michaelwade@example.com,410.710.4672,19-05-2022 16:43,19-05-2022 16:43,29-12-2022 16:43
FJL9OTK5TAZS,Susan,Rangel,aallen@example.org,7995775032,07-04-2021 00:11,07-04-2021 00:11,20-08-2021 00:11
UCS1PKY0GTFA,Latoya,Williams,hjames@example.org,(390)630-2645x50387,09-12-2021 11:15,09-12-2021 11:15,09-09-2022 11:15
IGN9KWT1VDFL,Amanda,Calderon,varmstrong@example.net,787-215-0247x106,05-05-2020 01:57,05-05-2020 01:57,03-05-2021 01:57
ZTV0QHY9AEIT,Ethan,Roy,johnsondavid@example.net,578-760-3240x7251,14-10-2023 21:02,14-10-2023 21:02,09-07-2024 21:02
IPI2YLH3YVHH,Tyler,Hicks,rrobbins@example.net,+1-707-431-8801x332,08-03-2020 20:34,08-03-2020 20:34,26-03-2020 20:34
HNZ1UYC8RDJC,Joshua,Baker,raven88@example.net,001-630-780-8154x48600,26-03-2024 04:08,26-03-2024 04:08,11-01-2025 04:08
XZB1YAO3SHDS,Jennifer,James,rioscharles@example.org,001-653-530-4382x355,06-01-2024 16:10,06-01-2024 16:10,20-02-2024 16:10
RVU6PEF2IXAD,Kayla,Khan,stephaniewhite@example.org,720.806.1654x683,06-06-2024 18:00,06-06-2024 18:00,29-01-2025 18:00
LSD5BGJ0SAQV,Misty,Mccarthy,mandy58@example.org,(337)795-2662x3194,21-07-2020 16:55,21-07-2020 16:55,01-03-2021 16:55
NMP6ACZ6PLCM,Ronald,Gonzales,charlesfarley@example.org,001-226-601-8953x68385,14-11-2023 11:18,14-11-2023 11:18,04-09-2024 11:18
BLK2ENT5HSDA,Anita,Barron,kennethedwards@example.net,261.745.7816x74466,04-11-2021 07:28,04-11-2021 07:28,20-03-2022 07:28
QAF5RJB9HQQY,Ruth,Patton,carrkelly@example.net,6689763482,09-12-2023 19:13,09-12-2023 19:13,30-04-2024 19:13
MSW6XFJ5NGVR,Justin,Stephens,smithsheila@example.net,001-237-793-3000x46655,07-07-2021 07:46,07-07-2021 07:46,17-06-2022 07:46
YFD1AQH7NATS,Sandra,Carrillo,aaroncastro@example.net,(850)761-8510,23-10-2021 09:24,23-10-2021 09:24,01-07-2022 09:24
LRW4XTU2OMHV,Isaac,Freeman,cookbryan@example.com,5533302488,10-08-2021 01:58,10-08-2021 01:58,07-05-2022 01:58
YPG9OWO4XDFW,David,Dunn,nsanders@example.net,001-215-978-5758x3306,17-07-2024 18:51,17-07-2024 18:51,17-02-2025 18:51
FFF7GWB1RYTL,Ryan,Reynolds,gillespiepaul@example.com,911-867-0678x15956,15-07-2020 15:16,15-07-2020 15:16,15-06-2021 15:16
IPX7FZF9SLVJ,Valerie,Davis,morrisonkendra@example.com,+1-842-386-7357x3546,13-06-2022 06:43,13-06-2022 06:43,08-03-2023 06:43
EXC8EZO4HOPU,Brooke,Martin,jacksonzoe@example.org,(974)473-6663,14-06-2023 06:02,14-06-2023 06:02,28-04-2024 06:02
VWB3EEI0QPYJ,Elizabeth,Wilson,pjohnson@example.net,532-844-3275x14157,28-07-2023 02:56,28-07-2023 02:56,14-09-2023 02:56
EBC0QTW5WAQQ,Stacey,Morris,yolanda68@example.com,+1-978-882-0631x340,28-05-2020 02:10,28-05-2020 02:10,18-11-2020 02:10
DEC6HOH0CTAE,Steven,Smith,ronaldrobinson@example.org,+1-431-493-2196x13572,27-10-2021 15:07,27-10-2021 15:07,04-09-2022 15:07
GGX9BDZ5NXKS,Joshua,Murphy,cantrellrebecca@example.net,717-709-9528x77526,24-01-2024 10:25,24-01-2024 10:25,20-11-2024 10:25
FHG5TFM5ZKJN,Travis,Smith,blairtimothy@example.net,540.207.3213x567,15-06-2023 14:28,15-06-2023 14:28,23-09-2023 14:28
IIY0KRW3CHCV,Stanley,Reed,william80@example.net,835.528.2256x3528,29-10-2023 06:23,29-10-2023 06:23,19-08-2024 06:23
SMM7CTR5SKFL,David,Walton,oscar11@example.com,270-808-0140x70143,15-10-2022 01:56,15-10-2022 01:56,01-06-2023 01:56
TAN9XOU8YWJU,Alexis,Stone,mirandaalyssa@example.org,350-231-7461,11-04-2022 00:17,11-04-2022 00:17,28-08-2022 00:17
ZZT4JQE9CKMV,Crystal,Johnson,sandra72@example.com,5186212356,11-03-2023 05:14,11-03-2023 05:14,15-06-2023 05:14
QAE5ELR4FTAM,Amy,Wilson,dianastevens@example.net,803.377.1686x09316,08-02-2023 16:16,08-02-2023 16:16,15-01-2024 16:16
MCQ0OYV6YZTU,Sharon,Mcknight,careyregina@example.org,001-753-875-1710x196,30-01-2024 13:59,30-01-2024 13:59,22-03-2024 13:59
EMZ7PUV0DOVY,Kyle,Morris,rzimmerman@example.com,(245)430-6406x9532,24-08-2022 09:02,24-08-2022 09:02,26-04-2023 09:02
LRO1XNH1DWJK,Paul,Gutierrez,anthony27@example.net,443-284-7899x14329,07-08-2024 11:40,07-08-2024 11:40,07-07-2025 11:40
WMJ1CIS1LAMS,Mary,Rhodes,hallangela@example.net,(367)650-5719x19358,13-01-2024 20:06,13-01-2024 20:06,23-01-2024 20:06
DPZ4RBJ3NDMD,Daniel,Andrews,ywalsh@example.com,326-358-9357,02-02-2020 10:33,02-02-2020 10:33,10-12-2020 10:33
HON2AZY3WOPP,Matthew,Fitzpatrick,arroyocaleb@example.org,001-481-875-2295,09-01-2024 00:43,09-01-2024 00:43,17-12-2024 00:43
EDH8BZC4JJET,Brian,Chan,andrealexander@example.com,235-296-8101,12-01-2024 17:32,12-01-2024 17:32,21-03-2024 17:32
SAU3IJP1ACOX,Mandy,Sherman,jared80@example.com,001-629-742-4517,22-09-2022 06:00,22-09-2022 06:00,25-02-2023 06:00
NTJ0BHG7IBHI,Misty,Hamilton,theodore61@example.net,+1-863-894-8118x6222,20-09-2023 23:46,20-09-2023 23:46,11-06-2024 23:46
RHU4FWO2XUXI,James,Walker,kyle30@example.net,(546)247-1758x9129,04-08-2020 08:44,04-08-2020 08:44,28-04-2021 08:44
WHR3LVL4UWCV,Heidi,Villarreal,millerjerry@example.net,(905)465-4258x027,16-03-2021 10:35,16-03-2021 10:35,25-11-2021 10:35
NQD6ARW4YCPK,Tonya,Santiago,robertstrickland@example.com,(235)606-7832,28-06-2024 06:48,28-06-2024 06:48,16-12-2024 06:48
WMP3TSL7NNGZ,Kelly,Cole,catherine39@example.org,+1-440-214-4873x8076,15-10-2023 08:30,15-10-2023 08:30,28-09-2024 08:30
ZEF2VYT8GJFY,Tammy,Wilkinson,vbarrera@example.net,001-582-760-5776,30-01-2024 12:31,30-01-2024 12:31,05-05-2024 12:31
OQC8TIV0JHQH,Arthur,Foster,lowejacob@example.net,664.218.2188,02-05-2021 20:40,02-05-2021 20:40,18-01-2022 20:40
RHS4QPW8GTZT,John,Curry,laura73@example.org,+1-979-623-8554x7116,25-10-2020 04:35,25-10-2020 04:35,29-10-2020 04:35
CKN7GFH2KJXH,Garrett,Holmes,hinesronald@example.com,001-843-846-5130x25127,19-04-2021 14:25,19-04-2021 14:25,01-07-2021 14:25
WPC4XDP0DBDR,Jacob,Davis,jonesjacob@example.com,995.342.5621x109,31-12-2021 13:25,31-12-2021 13:25,10-10-2022 13:25
HMC9OSW3FQAZ,Matthew,Sullivan,james74@example.net,-10302,03-09-2023 02:40,03-09-2023 02:40,03-10-2023 02:40
OVX1TBA6UGFZ,Michelle,Scott,kevintodd@example.net,001-715-359-6326x1474,27-05-2020 20:15,27-05-2020 20:15,19-12-2020 20:15
JCG5IIB4UWSM,Alison,Smith,yolanda08@example.net,-9329,12-02-2022 04:47,12-02-2022 04:47,14-03-2022 04:47
FDW3RYM9GGAS,Jasmin,Marsh,abigailtaylor@example.org,(327)624-7030x75475,01-03-2024 16:27,01-03-2024 16:27,23-12-2024 16:27
DZF0JJH1INER,Terri,Young,kmeyer@example.net,735.777.5127,05-06-2024 19:12,05-06-2024 19:12,02-04-2025 19:12
RBA8GPC5ERZH,Samuel,Hess,clarkkathryn@example.org,389.300.5973x07601,19-12-2023 15:54,19-12-2023 15:54,21-01-2024 15:54
JMH4IHX2TJTS,David,Moody,podom@example.org,819-755-4127,06-07-2021 02:20,06-07-2021 02:20,07-09-2021 02:20
JYN0PJM1JYBF,Mary,Conley,angelica63@example.org,001-268-824-0400,29-10-2021 22:12,29-10-2021 22:12,30-09-2022 22:12
HDR9YBR3EILP,Jesse,Huerta,hickspatrick@example.com,(433)487-5732x38331,15-03-2020 14:27,15-03-2020 14:27,26-07-2020 14:27
DYL5SOM2ZPIX,Jeremy,Perez,davidbutler@example.org,(421)365-6137,31-08-2023 19:52,31-08-2023 19:52,21-04-2024 19:52
TSD3OQS4YTPK,Justin,Wright,nicholseric@example.net,001-560-233-5849x19990,23-08-2024 06:00,23-08-2024 06:00,05-04-2025 06:00
TZV7ERG5KHWV,Joshua,Miller,elizabethli@example.com,804-272-4853x808,12-05-2020 04:14,12-05-2020 04:14,21-01-2021 04:14
ABG0WYP3IZXC,Justin,Miller,jose86@example.net,5588116991,15-10-2023 10:11,15-10-2023 10:11,20-12-2023 10:11
TYM1VVN5YTDC,Patricia,Andersen,xcunningham@example.net,(937)208-3725x776,12-04-2020 03:59,12-04-2020 03:59,17-08-2020 03:59
SOG6FTZ5YWVX,Gerald,Rivera,fsimpson@example.org,(549)950-2569x13920,30-09-2020 16:28,30-09-2020 16:28,18-08-2021 16:28
ZVP4LFA1CHFW,Lori,Waters,quinnmelissa@example.net,001-679-322-1573x20312,07-07-2020 15:32,07-07-2020 15:32,03-05-2021 15:32
TOJ1TRU0WFMP,Adrian,Morris,michaelbuchanan@example.net,627-688-9069,27-02-2020 05:01,27-02-2020 05:01,16-12-2020 05:01
AFF8SQT5TAYB,Alex,Alvarez,stephanieortiz@example.com,458-662-3205,16-11-2021 21:02,16-11-2021 21:02,07-12-2021 21:02
GXN6NVA9RNYT,Alicia,Floyd,jacob85@example.com,334-433-8709x6040,16-02-2023 09:44,16-02-2023 09:44,08-08-2023 09:44
FOS2CDU7TWSH,Tammy,Garcia,amy32@example.com,001-985-241-6687x208,09-01-2023 07:05,09-01-2023 07:05,21-06-2023 07:05
JKF3SAS0PVCW,Michael,Baker,fordsamuel@example.org,+1-438-765-4880x0422,20-09-2021 08:19,20-09-2021 08:19,02-07-2022 08:19
UHQ5FMZ9EXYN,Peter,Miller,agraham@example.net,603.664.9585x0050,27-04-2023 22:36,27-04-2023 22:36,17-07-2023 22:36
UTC7VLQ2HIWM,Cameron,Williams,alvareznatalie@example.org,804-271-7293x555,06-01-2023 19:11,06-01-2023 19:11,25-01-2023 19:11
QVP3IBM2EZLC,Kristen,Dennis,christopher89@example.org,715.629.3798x952,08-04-2022 22:03,08-04-2022 22:03,28-01-2023 22:03
ZUN4GBV6HVGW,Bruce,Harper,rfarmer@example.com,(980)713-5254x2158,15-04-2020 01:10,15-04-2020 01:10,13-09-2020 01:10
NUM6ERU4MMFD,Corey,Mcdonald,ygutierrez@example.net,764.528.6397x962,14-05-2020 18:20,14-05-2020 18:20,15-04-2021 18:20
IPS2LQW1RCSS,Kim,Berry,kristinreese@example.net,800.947.6799,21-06-2020 02:11,21-06-2020 02:11,07-02-2021 02:11
YEI7IJP7NUMB,Kim,Smith,cdillon@example.net,001-228-864-1312x74266,01-07-2021 00:01,01-07-2021 00:01,08-07-2021 00:01
DBD7GYA9SVTX,Jason,Santiago,henrygeorge@example.net,(625)976-3693x5834,24-06-2020 04:36,24-06-2020 04:36,11-07-2020 04:36
YSD5LEV4TWWC,Manuel,Davis,oliverkenneth@example.com,751.460.3816x11096,28-01-2023 00:25,28-01-2023 00:25,21-02-2023 00:25
IEQ4ZFM8TDHJ,Walter,Pierce,weissanthony@example.org,001-926-615-0776x828,27-10-2023 19:49,27-10-2023 19:49,26-05-2024 19:49
RLO6ZXL7WQVH,Crystal,Acosta,anitacurry@example.org,923-579-3243,28-03-2020 15:02,28-03-2020 15:02,17-01-2021 15:02
XXU0WCH9DAJZ,Jeanette,Carroll,mtorres@example.net,(739)249-6045x375,04-12-2021 18:02,04-12-2021 18:02,29-01-2022 18:02
HIQ5TPF9JLOZ,Arthur,Gamble,whiteadam@example.net,508-839-8739,10-03-2023 21:35,10-03-2023 21:35,15-10-2023 21:35
PEC7QHU9XBSV,Katie,Hobbs,barbara51@example.net,668-451-2258x696,11-11-2021 07:22,11-11-2021 07:22,25-01-2022 07:22
ZAJ9DTM0VMCO,Brooke,Hill,wardluke@example.com,293.788.7760,23-01-2020 19:09,23-01-2020 19:09,15-02-2020 19:09
ESS2KSM2SUWA,Monica,Wood,ucarr@example.net,(807)624-6718x71104,08-11-2022 01:56,08-11-2022 01:56,20-03-2023 01:56
OKQ8BNB9DLWT,Michelle,Burch,istevens@example.net,(744)302-1370,01-12-2022 06:38,01-12-2022 06:38,13-12-2022 06:38
NJF5GPU0XIZP,Steven,Hernandez,frankalvarado@example.org,+1-347-836-0907x959,07-04-2022 12:55,07-04-2022 12:55,02-01-2023 12:55
VXZ7DIF9FNYA,Manuel,Walker,juliegomez@example.net,-8147,01-02-2023 10:02,01-02-2023 10:02,17-02-2023 10:02
UKB8LTZ0ICDF,John,Martin,rodriguezamy@example.net,209.561.5560x2721,05-04-2023 12:23,05-04-2023 12:23,17-05-2023 12:23
IHR3PMI7FIVB,Gregory,Orozco,wilsonstephanie@example.org,(967)480-3161x83994,15-05-2023 11:09,15-05-2023 11:09,05-04-2024 11:09
FJE4XUW4GVVT,Samantha,Davis,barbarawong@example.net,(871)322-5313x1145,13-08-2023 11:51,13-08-2023 11:51,29-11-2023 11:51
ZLD0BTP1IOVQ,Anna,Gutierrez,debrashannon@example.org,+1-451-532-6450x93326,12-05-2021 08:45,12-05-2021 08:45,21-12-2021 08:45
ELF9KBZ2QEJA,Derek,Green,ryanbrady@example.org,274.308.8142,13-07-2020 14:11,13-07-2020 14:11,17-04-2021 14:11
STD5HLL7GYQN,Laura,Grant,rachelcopeland@example.com,723.489.6639,20-11-2023 12:41,20-11-2023 12:41,30-04-2024 12:41
TRA1CRX5RVZH,James,Francis,travisglover@example.org,001-294-864-3169x69377,27-04-2020 11:30,27-04-2020 11:30,07-11-2020 11:30
YDY9VGA9NHCR,Andrew,Schultz,melody75@example.org,5005154418,17-12-2020 05:44,17-12-2020 05:44,24-02-2021 05:44
QKR1BPD8KAFS,Barbara,Johnson,justin38@example.net,-10972,16-04-2024 22:40,16-04-2024 22:40,26-05-2024 22:40
DKN0YDI4JWXT,Sandra,Mcguire,kcontreras@example.org,215.956.9925x511,30-12-2023 20:34,30-12-2023 20:34,25-09-2024 20:34
MYU7YTC8WZRO,Michael,Stephens,kimalex@example.org,+1-300-500-1498x03750,19-06-2020 13:40,19-06-2020 13:40,10-10-2020 13:40
UEA2LUM2DRGT,Julie,Carter,elizabethkline@example.net,947.965.6554x2897,16-06-2024 14:19,16-06-2024 14:19,02-08-2024 14:19
YEC9CEE6EBYZ,Ashley,Ortiz,monique72@example.net,(457)707-9655x37295,27-11-2022 07:35,27-11-2022 07:35,05-07-2023 07:35
BQP4QVA6FAVJ,Terri,Owens,anthony47@example.com,(978)233-2964,27-07-2021 10:17,27-07-2021 10:17,23-09-2021 10:17
LJZ3AIF3NXNH,Heather,Hernandez,zachary21@example.com,2034750520,03-10-2022 22:30,03-10-2022 22:30,27-05-2023 22:30
PIH3PZJ5KGLN,Samantha,Bailey,jeffrey47@example.net,388.785.1008x842,26-07-2021 05:24,26-07-2021 05:24,12-03-2022 05:24
HMV2DED3CDJP,Sarah,Larsen,jennifer16@example.org,+1-242-724-2165x1427,18-07-2023 22:43,18-07-2023 22:43,05-05-2024 22:43
MAS3TJY0OUTJ,Patricia,Golden,angela53@example.net,(574)354-8641,17-01-2020 16:37,17-01-2020 16:37,19-01-2020 16:37
HZD7RUR7MLFD,Charles,Tapia,navarrokevin@example.org,001-748-664-4672x853,14-11-2021 01:23,14-11-2021 01:23,07-05-2022 01:23
WVZ0TAJ4PXPM,Robin,Clark,barrettdavid@example.com,4073611384,11-08-2021 02:37,11-08-2021 02:37,30-05-2022 02:37
ZEA0SJG1AFUU,Laura,Dickerson,aclark@example.com,504-698-6429x521,02-06-2023 20:46,02-06-2023 20:46,16-04-2024 20:46
KDQ6MZQ0QYUM,Sean,Allen,richardnguyen@example.com,001-317-323-8212x64426,14-10-2023 14:46,14-10-2023 14:46,06-06-2024 14:46
BNR7FNJ2FXNG,Jonathan,Brock,mayerjesus@example.com,510-984-3407,06-06-2023 00:50,06-06-2023 00:50,04-12-2023 00:50
AVQ2SPW2QWLK,Brian,Quinn,michelesmith@example.org,694.458.1799,01-05-2023 01:08,01-05-2023 01:08,23-10-2023 01:08
WWQ7MWC0DKLY,Kathleen,Barry,mcmillanshawn@example.org,(894)959-7724x02102,22-12-2021 06:44,22-12-2021 06:44,13-01-2022 06:44
IQT9BOJ4RFCK,Claudia,Sloan,michael93@example.com,253-437-2009,09-06-2020 17:57,09-06-2020 17:57,24-05-2021 17:57
RTT4FAH4ZTTU,Jessica,Drake,stacy17@example.com,001-584-467-8184x972,11-10-2022 17:01,11-10-2022 17:01,16-09-2023 17:01
SGC6FIH9ZAFD,Kelsey,Cook,michaelmarquez@example.com,+1-869-694-6448x455,26-05-2024 10:18,26-05-2024 10:18,13-06-2024 10:18
QNX5GSV3WCWT,Sarah,Brown,shelley51@example.com,(260)357-5407x64350,28-11-2023 02:22,28-11-2023 02:22,06-04-2024 02:22
TCZ1VMX3QFYO,Christopher,Lewis,angelaschwartz@example.org,430-494-8985x8275,06-01-2023 09:13,06-01-2023 09:13,08-02-2023 09:13
EMT8TOM6YNNN,Kristin,Robertson,mckinneybridget@example.org,+1-593-726-6640x15985,09-08-2024 10:25,09-08-2024 10:25,11-07-2025 10:25
WCF5CKR2VBKA,Katie,Morgan,guzmankelly@example.com,(400)801-2572,29-06-2023 11:55,29-06-2023 11:55,28-03-2024 11:55
BQO9TTO0BXVG,Marissa,Greer,kaufmanapril@example.org,+1-366-210-5345x89491,28-02-2021 10:50,28-02-2021 10:50,02-07-2021 10:50
XUT1UJP0NVFI,James,Decker,joyce52@example.net,+1-902-298-1301x478,15-12-2022 18:54,15-12-2022 18:54,08-07-2023 18:54
ETP4DXH8BWRG,Jennifer,Beck,ochoawilliam@example.net,5359600329,05-01-2024 12:16,05-01-2024 12:16,27-06-2024 12:16
SBD5AWK1OKIE,Laurie,Navarro,josemyers@example.org,001-801-280-3566,15-11-2020 06:33,15-11-2020 06:33,26-02-2021 06:33
ZYW0KKN1LQGK,Tiffany,Cline,andrea19@example.net,768.738.4334x286,10-02-2023 22:58,10-02-2023 22:58,22-05-2023 22:58
ASK3ORH1KUFI,Ashley,Lewis,timothy19@example.net,(880)911-9660x681,05-12-2020 16:36,05-12-2020 16:36,23-05-2021 16:36
DPF7AJV9ZUME,Amy,Gonzalez,johnsongregory@example.net,(230)578-1222x178,06-09-2020 13:17,06-09-2020 13:17,12-11-2020 13:17
EWN2FKJ4RUUK,Monique,Nelson,browntara@example.org,+1-507-325-9068x6766,08-06-2023 09:27,08-06-2023 09:27,06-02-2024 09:27
NEF2ATQ0EDHL,Frederick,Kerr,amber74@example.com,(713)853-8727,06-07-2021 11:49,06-07-2021 11:49,10-07-2021 11:49
LIU1QZD6ZKXT,William,Fisher,meltondustin@example.org,-8235,11-04-2022 01:20,11-04-2022 01:20,31-05-2022 01:20
EXB6OMK8NMZE,Christopher,Banks,james98@example.org,+1-540-618-5797x01908,20-01-2022 23:59,20-01-2022 23:59,14-04-2022 23:59
ABT9DLS4MADV,Steven,Holland,sandersdaniel@example.net,+1-511-642-8200x754,13-02-2023 13:32,13-02-2023 13:32,14-08-2023 13:32
FNK6SKM4VYFU,Sara,Rodriguez,mendezkimberly@example.org,001-213-346-1365,09-10-2021 18:18,09-10-2021 18:18,26-10-2021 18:18
PAW3OUL5ISWP,Regina,Harris,tanyasmith@example.net,380-646-4578,29-03-2023 23:06,29-03-2023 23:06,27-12-2023 23:06
TOG8GVM2AFWS,Brandy,Long,anna52@example.net,972-704-9738x803,03-11-2021 08:19,03-11-2021 08:19,15-11-2021 08:19
EPK2DLS3DRKY,Ryan,Sims,browningjustin@example.com,+1-663-762-4563x35245,06-03-2023 14:06,06-03-2023 14:06,17-10-2023 14:06
JDV2HQJ8GPFM,Richard,Vincent,judithjames@example.com,691-785-1843,17-04-2021 21:14,17-04-2021 21:14,12-07-2021 21:14
XFH2ISN7GEUK,Eric,Robinson,timothy84@example.org,(796)516-5572,29-04-2022 19:52,29-04-2022 19:52,22-03-2023 19:52
WSG9BET0YMIY,Brian,Jones,anthonymckenzie@example.org,001-754-344-8882x3651,02-02-2021 12:03,02-02-2021 12:03,03-01-2022 12:03
OFI0LET0OIVG,Ashley,Jenkins,jamiegonzalez@example.com,9145124552,18-09-2023 07:14,18-09-2023 07:14,24-09-2023 07:14
QHB7OIM5MUFM,Justin,Obrien,richard25@example.net,2707424477,07-04-2023 10:34,07-04-2023 10:34,01-08-2023 10:34
BXP9PMG1IYUJ,Larry,Rosales,nsullivan@example.com,+1-349-400-0981x134,18-02-2024 00:11,18-02-2024 00:11,02-10-2024 00:11
WJA2ZXO7CPQS,Amy,Flores,williamsamanda@example.com,651-708-3643x384,22-03-2023 21:27,22-03-2023 21:27,11-05-2023 21:27
ILL8QOK4XXBG,Mario,Howell,ramseymark@example.net,314.778.4964x54021,25-05-2022 08:35,25-05-2022 08:35,16-07-2022 08:35
UKN7BTD7AWVG,Jenna,Young,robertsandrew@example.com,506-286-9935x88033,28-03-2023 22:51,28-03-2023 22:51,23-11-2023 22:51
GZQ3WRL2HNUC,Rita,Castillo,matthew90@example.org,805.946.1335,27-12-2021 01:25,27-12-2021 01:25,14-06-2022 01:25
GUN1GPQ5KTVX,Joel,Ross,ipope@example.com,482-943-6909x6878,31-01-2024 09:39,31-01-2024 09:39,17-01-2025 09:39
LLZ6LOZ4QAVH,Susan,Brandt,mccoykenneth@example.com,+1-704-612-2204x6927,21-12-2020 07:47,21-12-2020 07:47,20-03-2021 07:47
DLF2COK6FQGY,Erin,Davies,eugenejackson@example.org,(900)584-8618,20-11-2020 04:13,20-11-2020 04:13,15-05-2021 04:13
RUR0EZO6LWPO,Ashley,Robertson,sedwards@example.com,6594600503,22-06-2024 09:08,22-06-2024 09:08,01-05-2025 09:08
OOD1BOG8HPRQ,Pamela,Dunn,danawilliams@example.net,-2677,06-06-2021 00:07,06-06-2021 00:07,16-11-2021 00:07
KOS8PEA5DJXN,Meredith,Glover,savannahanderson@example.net,302.302.3144,13-03-2020 14:28,13-03-2020 14:28,01-09-2020 14:28
YUQ9FOC9JHBL,James,Smith,aaron75@example.com,+1-571-490-5812x5080,25-01-2024 21:08,25-01-2024 21:08,10-10-2024 21:08
IWY8EKI5NDEC,Emily,Palmer,wdouglas@example.com,2949605756,30-03-2023 07:37,30-03-2023 07:37,11-08-2023 07:37
XPT0UZE6DLHD,Kelly,Schmidt,xhall@example.net,750-666-5070x66908,03-02-2022 14:15,03-02-2022 14:15,14-09-2022 14:15
VVX9NCG9EIIA,Kimberly,Barnes,sarahwaters@example.org,(601)847-8280x93838,02-05-2021 00:18,02-05-2021 00:18,20-09-2021 00:18
MBD4SEL1BUFP,Edwin,Olsen,rebecca59@example.org,284.686.5434x492,21-01-2022 03:16,21-01-2022 03:16,02-10-2022 03:16
OEK6TPV9IRYG,Arthur,Abbott,zfoster@example.com,864-511-6422x5617,05-10-2020 16:22,05-10-2020 16:22,28-06-2021 16:22
QTK1SRV3PXYM,Caroline,Daniels,williegonzales@example.com,980-243-2612,01-07-2024 12:30,01-07-2024 12:30,31-01-2025 12:30
JID7IBA6WJFV,Timothy,Pennington,daniel98@example.com,5214119839,11-07-2022 04:36,11-07-2022 04:36,16-05-2023 04:36
YYQ3EVK4FSWE,Jeremy,Blackwell,angelashepard@example.net,(562)304-3495,25-03-2023 19:02,25-03-2023 19:02,12-01-2024 19:02
MLQ2PCM0DFLK,Jamie,Lee,jessicaroth@example.org,847.577.4920,14-10-2020 22:19,14-10-2020 22:19,14-10-2021 22:19
TUT0XGW7SEJY,Dylan,Garza,juliejohnson@example.org,213.375.5797x7224,04-02-2024 00:07,04-02-2024 00:07,16-11-2024 00:07
DKG9CMF9URAJ,Amy,Arnold,pleon@example.org,001-580-934-6324x099,14-10-2020 05:17,14-10-2020 05:17,08-05-2021 05:17
TIU7UKY9AVQB,Christine,Hernandez,cterry@example.com,+1-832-442-2624x795,08-11-2023 21:39,08-11-2023 21:39,26-03-2024 21:39
UCO7QVI1ISUI,Karen,Rogers,npadilla@example.net,226.999.5923x770,04-10-2020 06:34,04-10-2020 06:34,14-11-2020 06:34
RYD1XEV1VPLG,John,Graves,hutchinsonjonathan@example.com,982.431.5298x8878,19-02-2023 04:12,19-02-2023 04:12,25-12-2023 04:12
NPD3ZRA9QRNV,Christopher,Jackson,joshuasmith@example.org,001-910-631-8078x80969,05-10-2023 10:32,05-10-2023 10:32,09-10-2023 10:32
BNM1BTD7IUEF,Deanna,Santos,shorttheresa@example.net,001-396-207-4255,05-04-2021 02:56,05-04-2021 02:56,09-08-2021 02:56
ONE2EMW5AGUA,Michael,Bridges,justinroman@example.org,+1-982-223-8552x4634,01-03-2021 12:04,01-03-2021 12:04,09-05-2021 12:04
DOY2VQF5OIII,Melanie,Gross,brighteric@example.net,(691)273-4675x4110,07-01-2023 17:52,07-01-2023 17:52,13-11-2023 17:52
MXC4ICG6PJHP,Natalie,Mitchell,nicholsdean@example.org,001-681-236-5907x726,14-02-2023 11:11,14-02-2023 11:11,06-06-2023 11:11
BDP0GBW0CPFD,Ryan,Jackson,tstevens@example.net,+1-422-532-3787x253,29-05-2024 08:45,29-05-2024 08:45,08-11-2024 08:45
CBO5KXJ0XLWN,Penny,Johnson,vasquezjames@example.org,-3081,04-06-2024 16:23,04-06-2024 16:23,08-07-2024 16:23
IGU2WAC4RKJW,Sarah,Ray,jessicaherring@example.com,(325)655-1388x7253,28-11-2020 13:48,28-11-2020 13:48,16-12-2020 13:48
VER4ADX0SFIT,Jose,Wright,alexanderhayes@example.org,001-388-787-5953x37769,07-06-2021 02:43,07-06-2021 02:43,28-06-2021 02:43
JDZ5ZIP0ALZG,Emily,Cooke,russellrobert@example.com,492.318.6995,05-07-2020 05:47,05-07-2020 05:47,21-02-2021 05:47
QUB0CMJ4ALDY,Justin,Woodard,williamblake@example.net,001-515-621-9697x28317,26-02-2021 19:10,26-02-2021 19:10,04-09-2021 19:10
JFZ6JWU1JGLH,John,Castro,ohenry@example.net,594.383.5669x6619,16-01-2020 15:56,16-01-2020 15:56,24-06-2020 15:56
WEA7YIR2IOIM,Kimberly,Avila,mbautista@example.org,(771)721-5026x831,14-05-2022 04:33,14-05-2022 04:33,06-11-2022 04:33
LTA2DLW2KEFH,Jennifer,Mcbride,paul42@example.com,+1-280-250-9455x0818,08-11-2023 23:31,08-11-2023 23:31,28-09-2024 23:31
HQR5EVS8ZZFK,Aaron,Pena,jose83@example.org,461-314-8497x19916,30-06-2022 00:46,30-06-2022 00:46,02-10-2022 00:46
AVM4RFK5RPLG,Antonio,Tate,sharonmercado@example.com,+1-251-437-2009x95722,10-12-2021 15:27,10-12-2021 15:27,27-03-2022 15:27
HAB8FRJ5IXKT,Victoria,Benitez,robert32@example.org,001-727-947-9912x77926,23-10-2023 16:37,23-10-2023 16:37,14-09-2024 16:37
MPV7DKN1LYJL,Joy,Williams,jfuller@example.com,(298)366-3687,27-08-2022 04:00,27-08-2022 04:00,02-03-2023 04:00
YSG1LKU1HBYJ,Shirley,Small,perezjoanna@example.org,001-776-825-9923,07-05-2024 13:25,07-05-2024 13:25,27-10-2024 13:25
AVS2ECW4YPAM,Sharon,Dudley,qjackson@example.org,-5137,03-05-2022 04:17,03-05-2022 04:17,22-08-2022 04:17
XEJ3IPX2VRPC,Laura,Larsen,dsanders@example.com,264-221-0187x824,08-05-2024 21:46,08-05-2024 21:46,08-07-2024 21:46
KDI9SSU1BMCB,Carlos,Knox,julialutz@example.com,485.715.6775x89187,30-01-2020 07:17,30-01-2020 07:17,07-11-2020 07:17
JXC7LNP2TGDI,Thomas,Freeman,alexissmith@example.net,(700)684-4995,10-03-2022 14:16,10-03-2022 14:16,12-01-2023 14:16
GDL2WYJ0USPY,Michael,Lloyd,yschmidt@example.org,001-491-273-4486x7223,05-04-2024 10:11,05-04-2024 10:11,13-03-2025 10:11
RKV9FSF5SAYC,Lauren,Rush,mckinneyjoseph@example.org,+1-904-482-3820x7243,23-02-2021 04:49,23-02-2021 04:49,04-04-2021 04:49
KKU4UAQ6BTLY,Amanda,Gregory,thomas45@example.net,745.403.0814,15-04-2022 00:30,15-04-2022 00:30,04-11-2022 00:30
JRL0SRF2WCYP,Harry,Bridges,brandy28@example.net,+1-900-340-7347x04788,27-08-2021 01:23,27-08-2021 01:23,22-02-2022 01:23
VAZ4GWR3DRXG,Thomas,Wells,frederickjoseph@example.com,001-884-418-4185x0940,15-01-2024 10:32,15-01-2024 10:32,30-05-2024 10:32
PNA4VGD4ICIC,Kristi,Young,ryan35@example.net,475.716.4041x61866,21-04-2022 09:12,21-04-2022 09:12,01-11-2022 09:12
IBI6JJE5SBVJ,Sharon,Tate,smithmark@example.net,250.937.1746x04391,19-08-2020 20:43,19-08-2020 20:43,10-01-2021 20:43
LBU3KMF2BRSK,Carol,Byrd,mariahwood@example.net,802.816.2604x73108,19-09-2023 09:09,19-09-2023 09:09,03-02-2024 09:09
LTT7COM6YHHC,Christopher,Bennett,laneclaire@example.net,659.227.9395,16-09-2022 06:53,16-09-2022 06:53,18-03-2023 06:53
CAZ0QVR8WCFA,Charles,Ruiz,christopher37@example.net,486-575-3165x077,05-08-2024 22:49,05-08-2024 22:49,11-07-2025 22:49
DRK3RJV7LJTR,Robert,Jackson,choimichael@example.com,001-463-924-5449x08933,06-05-2022 01:35,06-05-2022 01:35,30-05-2022 01:35
EUJ2HHL3NHJC,Jacqueline,Conway,jenna92@example.org,001-841-717-4421x9661,07-01-2020 07:50,07-01-2020 07:50,04-12-2020 07:50
RLG8GRA3VARD,Christopher,Hodges,morrisonbenjamin@example.net,6935743413,08-03-2023 04:00,08-03-2023 04:00,11-11-2023 04:00
CYC0EGH4KOPI,Charles,Thomas,james97@example.net,001-955-233-0379x6939,19-08-2024 19:48,19-08-2024 19:48,04-12-2024 19:48
EKK4WCK1RCPU,Stacey,Brooks,nancy51@example.org,460.901.2052,10-05-2021 06:45,10-05-2021 06:45,01-12-2021 06:45
OFJ6ETD6OVNI,Chris,Armstrong,angel08@example.com,7893177448,03-11-2020 14:27,03-11-2020 14:27,08-04-2021 14:27
TOL1JXR6HSQQ,Gavin,Lee,ohenderson@example.net,595-481-7722,02-10-2021 14:04,02-10-2021 14:04,24-05-2022 14:04
HYH8RSP2HNQV,Brittany,Howard,jessica15@example.com,(574)919-1969,03-09-2020 21:08,03-09-2020 21:08,24-02-2021 21:08
ELB2HFP3RWUC,Jennifer,Nicholson,amandamills@example.net,(206)503-7623x198,20-04-2022 07:52,20-04-2022 07:52,08-08-2022 07:52
OJN0AFD8AKNP,Luke,Bryant,freemanerin@example.org,001-309-498-1083x86950,23-06-2020 21:32,23-06-2020 21:32,18-01-2021 21:32
ZGN0QJO0UTUT,Rachel,Kemp,whitesamantha@example.org,579.927.8132x396,30-01-2024 15:53,30-01-2024 15:53,03-02-2024 15:53
UUR6PRR1WBTL,Kristen,Moore,schultzkaren@example.net,+1-924-569-8353x001,26-10-2020 00:41,26-10-2020 00:41,20-03-2021 00:41
DXA1WEM9CAML,Jason,Johnson,vallen@example.org,+1-729-603-4820x16674,09-04-2023 00:38,09-04-2023 00:38,04-03-2024 00:38
QJX3TRO7TTHG,Juan,Moore,amber28@example.org,378-886-7330,01-05-2022 19:49,01-05-2022 19:49,17-09-2022 19:49
KQK8XLL9YGMN,Joseph,Case,watsonmegan@example.net,(393)211-7159,23-08-2023 01:00,23-08-2023 01:00,24-12-2023 01:00
CVI0EIV9PJXQ,Charles,Welch,steven23@example.com,001-871-634-0114x152,15-03-2024 20:50,15-03-2024 20:50,13-11-2024 20:50
QOS8WGX7SOSX,Jessica,Bauer,matthewsmitchell@example.org,426.680.2904x10998,05-03-2023 04:20,05-03-2023 04:20,27-01-2024 04:20
DYY0DSK9DOHR,Daniel,Watkins,xjones@example.com,676.210.5892x7944,30-01-2022 05:14,30-01-2022 05:14,05-09-2022 05:14
DCV0GRM7ITIO,Susan,Robinson,schultzwesley@example.com,(209)601-5518,09-02-2024 12:12,09-02-2024 12:12,12-02-2024 12:12
UKD7EIU2MPXC,Sheila,Brandt,kylejacobson@example.com,525-918-1262x95324,25-02-2021 11:43,25-02-2021 11:43,16-02-2022 11:43
TXG1HSK0HSBH,Paul,Adams,rmoore@example.net,618-564-3368x9969,25-11-2021 06:47,25-11-2021 06:47,30-12-2021 06:47
KSV1CYZ1DTCC,Cheryl,Morton,russell52@example.com,448.720.3652,08-07-2022 21:43,08-07-2022 21:43,15-05-2023 21:43
ARX5EXL3HBSD,Arthur,Moore,tmullins@example.org,001-521-754-6625,22-01-2024 10:50,22-01-2024 10:50,27-01-2024 10:50
YJB4KVE1IIFF,Jake,Myers,mckinneyalbert@example.org,001-703-202-1748x352,26-01-2023 14:42,26-01-2023 14:42,13-11-2023 14:42
GDI1WNU9VBHC,Melissa,Kim,orusso@example.com,(500)632-0593x0580,13-08-2020 10:42,13-08-2020 10:42,20-01-2021 10:42
NID8TTO6YMES,Veronica,Hansen,englishstephen@example.com,001-687-680-8211x14006,22-06-2022 10:18,22-06-2022 10:18,11-11-2022 10:18
LMD6DIS7ZAPK,Pamela,Hendricks,jacobhenson@example.net,(903)294-8039x2873,18-08-2021 17:52,18-08-2021 17:52,25-02-2022 17:52
NEP3OAL0TJQQ,Guy,Williams,aaron82@example.com,852.569.8743x2968,30-06-2020 01:07,30-06-2020 01:07,21-10-2020 01:07
QEK9SQA3UAXN,John,Frederick,sstout@example.org,+1-681-584-0911x356,21-04-2020 19:01,21-04-2020 19:01,03-07-2020 19:01
PHJ6FIA7OBDW,Laura,Morris,kyle11@example.com,8112903680,12-06-2020 15:05,12-06-2020 15:05,18-05-2021 15:05
OCL7WAB3IEUU,Jerry,West,jamessimmons@example.com,(453)746-6326x06823,07-09-2020 18:02,07-09-2020 18:02,07-03-2021 18:02
DSZ4AHK2HVWW,Elizabeth,Vasquez,dixonmadeline@example.com,753.383.8414,01-12-2023 05:03,01-12-2023 05:03,06-10-2024 05:03
VYL8YPZ6SPXT,Jordan,Long,michael88@example.net,486-291-6204,14-01-2020 17:16,14-01-2020 17:16,30-11-2020 17:16
DCQ4RAH2CJEC,Ashley,Mays,andersondavid@example.org,349-200-0651x54412,13-09-2022 09:36,13-09-2022 09:36,19-02-2023 09:36
MXL7QEV8CCRM,Jasmine,Perkins,christina15@example.com,(890)425-0694x737,20-05-2024 15:50,20-05-2024 15:50,21-08-2024 15:50
YCH2QSZ7XHJK,Theresa,Spencer,estesbrian@example.com,(491)798-2775x42583,01-10-2021 06:03,01-10-2021 06:03,20-02-2022 06:03
AFF3ZPS4HCBJ,Nancy,Simmons,mitchellcox@example.com,920-850-7291,31-12-2021 09:29,31-12-2021 09:29,15-08-2022 09:29
PYJ8ESM7FREU,Heather,Kelley,kingcheryl@example.com,7842730709,10-02-2024 15:05,10-02-2024 15:05,24-08-2024 15:05
LFV9PPZ2AUIJ,Glenn,Davis,rubenphelps@example.com,480.934.9829x19818,04-04-2024 08:27,04-04-2024 08:27,01-12-2024 08:27
QZJ8ZQX3TSUA,Jose,Fuentes,gmclaughlin@example.com,215-994-0600x4891,30-04-2022 06:19,30-04-2022 06:19,02-03-2023 06:19
IXD4GTL6DKRR,David,White,edwardzimmerman@example.net,309-363-6653,02-06-2024 07:06,02-06-2024 07:06,06-03-2025 07:06
CKM2GYG0FTAT,Stefanie,Calderon,mark56@example.net,+1-697-323-9444x4768,02-08-2023 07:06,02-08-2023 07:06,22-06-2024 07:06
LYW4MDQ8FBGL,Paula,Campbell,nhamilton@example.org,(812)432-6520x93049,03-04-2022 13:58,03-04-2022 13:58,17-10-2022 13:58
WSZ5FTP2HIUK,Lisa,Smith,eric98@example.org,953.558.2910,02-09-2023 01:33,02-09-2023 01:33,06-07-2024 01:33
DEG3HQM7SGRT,Joel,Keller,michael48@example.com,3068175264,02-06-2024 16:54,02-06-2024 16:54,09-01-2025 16:54
QDQ5EQR7OXRB,Kayla,Russo,ashepherd@example.org,842-817-3824x2729,29-07-2023 14:07,29-07-2023 14:07,04-01-2024 14:07
ZJC8JDQ6HMQC,Jason,Sexton,karen83@example.org,(676)263-5202,27-09-2022 11:13,27-09-2022 11:13,23-04-2023 11:13
VGE7DVS7WFRP,Marissa,Leonard,paul12@example.org,970.860.9950,05-11-2023 08:37,05-11-2023 08:37,26-07-2024 08:37
VTT0JOF2KAUQ,Sean,Mosley,sullivankatherine@example.com,+1-445-946-8316x0793,03-10-2023 14:57,03-10-2023 14:57,05-03-2024 14:57
SHS5BZV6NRKB,Kyle,Hawkins,tricia73@example.com,+1-899-290-4441x5078,11-10-2022 15:24,11-10-2022 15:24,28-05-2023 15:24
GWL3GUL2PYNN,William,Dougherty,brenda94@example.net,+1-331-920-4927x379,16-12-2023 06:35,16-12-2023 06:35,11-06-2024 06:35
DDD1LWQ5DLWQ,Ashley,Shepard,eblevins@example.org,(806)327-2566x216,12-05-2023 04:02,12-05-2023 04:02,19-09-2023 04:02
EIB6MKW1AJUX,Jessica,Ruiz,millerrick@example.com,843-994-1333x415,19-03-2024 08:52,19-03-2024 08:52,02-02-2025 08:52
RIC8YXW6CJCN,Nicole,Williams,kristahuber@example.org,4046571115,25-10-2020 16:10,25-10-2020 16:10,29-07-2021 16:10
YCL1CNL1SGKI,Kaitlyn,Miller,thompsonjohn@example.org,(234)694-8341x97488,10-04-2021 03:54,10-04-2021 03:54,17-08-2021 03:54
AKQ1ESV7GGRK,Jason,Herrera,samantha01@example.org,8292416264,01-11-2023 14:03,01-11-2023 14:03,19-09-2024 14:03
AVO8IIR9FYOI,Steven,Orr,padillaangela@example.com,+1-200-453-8742x391,02-08-2024 13:20,02-08-2024 13:20,03-04-2025 13:20
QDW7XJD3MIUY,Jonathan,Lopez,jessica26@example.org,647.615.5933x27521,28-12-2022 06:30,28-12-2022 06:30,04-03-2023 06:30
NZA8KPV0BHOT,Carol,Sandoval,gonzalezrobert@example.net,001-857-367-8671x3350,18-09-2023 04:06,18-09-2023 04:06,18-02-2024 04:06
SFP3WPK2CQWZ,Kelly,Hardy,michelle13@example.com,-1904,09-02-2022 20:13,09-02-2022 20:13,20-12-2022 20:13
OCX8MME1BFCG,Alicia,Cross,jackson41@example.net,985-277-1190x239,16-02-2021 13:08,16-02-2021 13:08,28-03-2021 13:08
MAB1ESX7BFZE,Amy,Dawson,christophercross@example.org,001-334-226-9446,11-03-2023 07:02,11-03-2023 07:02,01-09-2023 07:02
ZSS4MJN4WKMO,Sarah,Gutierrez,gabrielosborn@example.net,+1-632-607-2842x875,31-10-2023 23:55,31-10-2023 23:55,24-10-2024 23:55
CGS6IRV3RJWB,Kathryn,Lowe,clarkemichael@example.org,221.514.6153x915,10-12-2023 17:20,10-12-2023 17:20,14-03-2024 17:20
NUS5OWV3SLXR,Maria,Anderson,michael95@example.net,866.666.5074x914,19-04-2021 03:02,19-04-2021 03:02,17-11-2021 03:02
SXD6EQS0MCSA,Kelly,Stewart,garrettwright@example.com,-7463,29-10-2022 17:23,29-10-2022 17:23,17-05-2023 17:23
RLS9LHI6IDJJ,Alicia,Oliver,sethspencer@example.com,421-605-8177x471,26-11-2022 03:23,26-11-2022 03:23,14-11-2023 03:23
RDI7YXY9FNXV,Sandra,Lucero,cassandra91@example.com,777.979.7125,23-10-2021 09:59,23-10-2021 09:59,12-12-2021 09:59
PQF4NCB0YCUF,George,Martinez,martinjeanette@example.net,(878)354-4921,26-08-2020 02:34,26-08-2020 02:34,04-09-2020 02:34
LVC8FGW8SMXQ,Jose,Leon,stephaniepalmer@example.com,650.437.2252x2771,19-07-2023 23:23,19-07-2023 23:23,26-07-2023 23:23
YMS3GYL0GUYA,Jennifer,Ramsey,mcphersonlaura@example.net,(364)667-9277x825,01-07-2022 07:27,01-07-2022 07:27,29-01-2023 07:27
UHN5YQI9XWXV,Jessica,Ramirez,dcontreras@example.org,859-436-5463x71122,21-08-2024 13:35,21-08-2024 13:35,03-10-2024 13:35
DJJ0CMN0VINS,Donald,Larson,stephaniesaunders@example.org,5864035876,02-11-2023 11:57,02-11-2023 11:57,07-06-2024 11:57
NHG2BDH2RJMT,Diana,Taylor,patriciapadilla@example.org,(341)909-2239x259,28-10-2022 15:56,28-10-2022 15:56,14-12-2022 15:56
DOI7ULW1YOLZ,Katie,Winters,henryjohn@example.net,5035077916,08-05-2020 01:09,08-05-2020 01:09,26-01-2021 01:09
ZIS6XQY3YENP,Michelle,Cline,cardenascrystal@example.net,212.568.3106x86588,30-05-2021 08:08,30-05-2021 08:08,20-01-2022 08:08
WEV6RQK3QXPF,David,Berry,maryrobinson@example.org,(461)848-5769x37145,06-06-2020 10:25,06-06-2020 10:25,12-12-2020 10:25
BCX0WCK4TWAZ,Vanessa,Peters,gregory00@example.net,+1-952-627-2092x743,02-02-2024 10:34,02-02-2024 10:34,11-08-2024 10:34
PKI7AVR2FVZA,Kyle,Lawson,derekjohnson@example.org,001-692-973-2508x18185,20-09-2022 14:38,20-09-2022 14:38,09-01-2023 14:38
LHF7SOX3OWLL,Megan,Haley,christine94@example.net,(752)436-3919,10-07-2020 13:02,10-07-2020 13:02,09-09-2020 13:02
BTG6VIH8TEZI,Sharon,Wagner,pricesarah@example.com,+1-520-964-0662x981,05-03-2024 01:58,05-03-2024 01:58,31-12-2024 01:58
GZQ7SPG2SPAJ,Danielle,Sloan,cheryl04@example.com,001-534-341-4183x744,15-08-2023 03:33,15-08-2023 03:33,21-10-2023 03:33
QAY4BBK6NOHW,Jillian,Knight,richard08@example.com,3642245456,18-01-2024 02:28,18-01-2024 02:28,16-09-2024 02:28
TKL3LEP9XRSB,Robert,Matthews,hgonzalez@example.com,(609)326-8667x80176,15-11-2023 11:09,15-11-2023 11:09,19-09-2024 11:09
ZDO2XTC3FGUH,Andrew,Smith,ericmcclure@example.com,+1-853-478-8094x9404,25-01-2021 02:55,25-01-2021 02:55,28-04-2021 02:55
YPF9XFA7FDNV,Victoria,Scott,samuelreynolds@example.org,276-733-7014,23-05-2022 02:30,23-05-2022 02:30,28-01-2023 02:30
QDX9NZO7GBYY,Xavier,Alvarado,louiswiggins@example.net,9225668639,26-11-2021 16:36,26-11-2021 16:36,28-10-2022 16:36
BIA6RTB7SDTI,Christopher,Henry,ypatel@example.net,830-392-3477x22472,30-01-2024 06:26,30-01-2024 06:26,13-03-2024 06:26
HYT4ZSK8JRFG,Jack,Jennings,tammy98@example.net,(292)937-1055x38743,29-09-2020 05:09,29-09-2020 05:09,06-03-2021 05:09
MIY3AKY5QFDS,Tina,Oconnor,jeremyscott@example.org,214.920.4708x54496,19-06-2023 13:03,19-06-2023 13:03,16-12-2023 13:03
OKU0RUN4PMGO,Mary,Munoz,lcoleman@example.org,405.403.3788x6170,11-01-2023 09:31,11-01-2023 09:31,24-03-2023 09:31
PFQ9QYE0UVTF,James,Davis,timothyayers@example.org,2457078438,24-02-2024 10:41,24-02-2024 10:41,14-07-2024 10:41
AJE3FZC3EYVR,Michael,Hunter,grantsonya@example.com,(779)484-9354x628,11-11-2021 02:30,11-11-2021 02:30,26-01-2022 02:30
UFQ2IWI2GNSY,Dustin,Roth,justin68@example.com,(395)615-8912,26-04-2024 07:48,26-04-2024 07:48,22-06-2024 07:48
RNQ1QER8FXFR,Tristan,Freeman,williskevin@example.net,4466732992,19-02-2021 01:47,19-02-2021 01:47,04-04-2021 01:47
PFD4UIC7ZOVI,Donald,Nelson,frederickballard@example.org,202.718.3584x4225,03-02-2022 08:53,03-02-2022 08:53,07-09-2022 08:53
GHG8SBT7RYWP,Brenda,Wagner,ywilliams@example.net,(488)865-8356,15-04-2024 00:47,15-04-2024 00:47,06-12-2024 00:47
FFX3KUU7WXEH,Benjamin,Johnston,gabrielscott@example.org,+1-757-883-0008x14739,25-07-2024 07:02,25-07-2024 07:02,29-12-2024 07:02
ZFT1LSW4BEOQ,Melissa,Hunter,valerie27@example.org,469-732-3377x771,16-10-2020 06:42,16-10-2020 06:42,07-10-2021 06:42
SXX0SBX3ZSIK,Jim,Erickson,nicholas71@example.com,805-426-5144x951,04-05-2023 06:43,04-05-2023 06:43,18-08-2023 06:43
NYC3NVT0GPXA,Alexander,Phillips,elliottsusan@example.org,(412)516-0960,22-01-2024 16:32,22-01-2024 16:32,29-11-2024 16:32
WQB1TLM2ZTZL,Nicholas,Wright,sarahhopkins@example.org,906.600.9650x99839,04-01-2023 10:21,04-01-2023 10:21,02-03-2023 10:21
NCK3NXO6AMMW,Susan,Cole,charlesgarza@example.com,001-592-394-5751x765,02-03-2024 12:42,02-03-2024 12:42,22-10-2024 12:42
MHX5QJP7VHKL,Kara,Hill,sheilabrown@example.net,+1-763-296-7438x712,18-03-2024 23:52,18-03-2024 23:52,30-04-2024 23:52
TNL7SDN6AURA,Clifford,Calhoun,justinsanchez@example.net,437.459.9366x74571,13-01-2021 06:47,13-01-2021 06:47,15-05-2021 06:47
BKJ7RVO1ANHW,Kevin,Williams,howardcarroll@example.com,+1-443-841-7766x963,23-12-2020 15:48,23-12-2020 15:48,02-02-2021 15:48
ASZ6RPZ2VQOR,Jeff,Chandler,duncancourtney@example.net,001-612-660-0641x532,27-06-2024 23:39,27-06-2024 23:39,11-08-2024 23:39
LOW0MMB3DTKN,Kimberly,Crawford,valerie02@example.org,(937)412-2334x2197,25-11-2020 07:23,25-11-2020 07:23,03-08-2021 07:23
JTR0SHX0NNPR,Stephanie,Johnson,maddenmichael@example.net,-7848,19-11-2022 16:12,19-11-2022 16:12,24-04-2023 16:12
URL4QBE4JQHM,Eddie,Acosta,elizabeth06@example.com,(368)973-8000,13-08-2022 19:17,13-08-2022 19:17,19-11-2022 19:17
NRM3YQB9INUI,Andrew,Sanchez,medinarobin@example.net,844.569.9748x231,23-12-2021 08:50,23-12-2021 08:50,09-03-2022 08:50
NIT9XIU6SBKI,Renee,Campbell,marisa56@example.com,+1-450-366-6095x897,11-08-2020 10:27,11-08-2020 10:27,30-03-2021 10:27
JRN0LOY1AYPU,Rachel,Pope,whitakerjulie@example.net,4952032241,06-05-2020 15:11,06-05-2020 15:11,25-07-2020 15:11
FAT4UKJ3XFVF,Kevin,Taylor,bromero@example.net,(582)937-9691x098,16-06-2024 12:14,16-06-2024 12:14,19-08-2024 12:14
SFV3GBR8RQXH,Darrell,Coleman,lisaluna@example.net,(663)826-5096x371,06-11-2022 19:05,06-11-2022 19:05,07-04-2023 19:05
KTA1QTC9QEYQ,Kristine,Davila,bhammond@example.com,(364)688-4101,28-02-2024 18:05,28-02-2024 18:05,09-08-2024 18:05
SCH7LKB0EOTZ,Marcus,Howard,mclay@example.org,651-872-7664,21-08-2021 15:21,21-08-2021 15:21,08-01-2022 15:21
CXK3VFT2NOYA,Tara,Watkins,salinasgary@example.com,7823049895,12-10-2023 14:32,12-10-2023 14:32,30-03-2024 14:32
FSY0DUK3GBKW,Eric,Smith,whitneyhawkins@example.net,+1-430-644-7682x15874,05-08-2023 01:57,05-08-2023 01:57,26-01-2024 01:57
LXW7VBP9RWEZ,Austin,Bishop,ufreeman@example.org,001-805-410-5201x7324,11-07-2021 00:53,11-07-2021 00:53,08-04-2022 00:53
JFT8BPH1KAOC,Matthew,Johnson,crystalmurray@example.com,701-622-8062x21638,14-01-2024 03:34,14-01-2024 03:34,29-08-2024 03:34
EWQ8EXX1DUPC,Walter,Rosales,xmiller@example.net,-5440,19-04-2023 11:36,19-04-2023 11:36,09-01-2024 11:36
SNS5WHO5JTXV,Daniel,Patton,lewishenry@example.org,+1-385-224-9069x929,25-10-2023 06:54,25-10-2023 06:54,21-10-2024 06:54
ALT7VOF8DKXF,Rebecca,Garrett,brandon01@example.net,503-617-7537x90939,13-12-2023 05:36,13-12-2023 05:36,04-05-2024 05:36
HIP9IQK1AVXE,Christina,Ware,brandymoreno@example.com,(518)526-9213x1913,07-02-2023 06:13,07-02-2023 06:13,10-02-2023 06:13
XJY4FNR9RYGD,Austin,Fuentes,nreed@example.org,(725)782-3850,04-02-2020 21:55,04-02-2020 21:55,16-08-2020 21:55
ROO1MLC4XCTY,Timothy,Woods,simoncheyenne@example.net,688.213.4527x14193,31-01-2024 20:55,31-01-2024 20:55,14-01-2025 20:55
UGV9USW9QXFL,Angela,Thompson,jenniferkennedy@example.org,001-848-726-3743x17129,05-10-2022 22:03,05-10-2022 22:03,11-02-2023 22:03
HUJ3GWG2NFHQ,Amy,Hernandez,qgordon@example.com,6577257065,08-06-2022 05:55,08-06-2022 05:55,21-02-2023 05:55
NWU8YZR7BKGV,Curtis,Gregory,obrown@example.net,(758)241-8467,23-03-2021 12:53,23-03-2021 12:53,06-02-2022 12:53
MIB5OZM3ETQG,Kathleen,Stewart,andrea91@example.net,(489)965-8628,08-07-2022 18:42,08-07-2022 18:42,21-05-2023 18:42
GWC7PAA3XUOU,Roberto,Hoffman,dannyfletcher@example.com,3112102326,05-09-2020 03:02,05-09-2020 03:02,15-07-2021 03:02
TNO2YSC2RORW,Tammy,Curry,betty12@example.net,2903002107,28-12-2021 15:45,28-12-2021 15:45,09-11-2022 15:45
VPS0WRQ1WIFR,Mark,Gutierrez,wrightchristopher@example.org,001-891-297-0764,10-11-2022 16:05,10-11-2022 16:05,27-07-2023 16:05
OHF9FEL9IWVV,Lawrence,Wilson,hrose@example.net,781-513-4217x64976,23-01-2024 23:41,23-01-2024 23:41,02-01-2025 23:41
KQH0JYS3XQZJ,Mark,Hardin,omolina@example.org,+1-362-569-6815x976,05-05-2024 21:13,05-05-2024 21:13,09-05-2024 21:13
HNW0JIY0UMBW,Gerald,Hart,dustin47@example.com,(786)433-2007,04-01-2023 15:11,04-01-2023 15:11,06-12-2023 15:11
NFK6MDC3TWRX,Bradley,Rich,andersonchloe@example.com,277.403.4546,16-10-2020 03:32,16-10-2020 03:32,02-05-2021 03:32
MTP1JMA3ZUCS,Martin,Bowen,thernandez@example.org,-9356,31-03-2022 14:19,31-03-2022 14:19,27-10-2022 14:19
UIN9BIJ7ONFL,Samantha,Anderson,michelle06@example.net,230.702.1080x60379,16-02-2022 09:07,16-02-2022 09:07,24-05-2022 09:07
ZFX8XVN3ULQO,Jeffrey,Hunter,jeffersonruth@example.com,(905)781-2692x05247,20-06-2020 08:25,20-06-2020 08:25,07-09-2020 08:25
KPJ9FTT1DHUF,Bruce,Garcia,gentrystacy@example.org,001-427-447-1346x46842,27-03-2022 14:11,27-03-2022 14:11,19-09-2022 14:11
LPB2HIM7FNEC,Sharon,Stewart,kevin28@example.com,001-748-391-6759x2698,07-03-2021 14:48,07-03-2021 14:48,16-08-2021 14:48
JHY8YKJ4KIAS,Danielle,Daniels,billyyu@example.com,+1-262-493-5049x4720,16-06-2024 00:11,16-06-2024 00:11,17-03-2025 00:11
JXJ9COL9QETE,Cody,Combs,curtis36@example.com,620-604-4970,31-05-2022 19:31,31-05-2022 19:31,15-12-2022 19:31
XMG1TWZ3VQHL,Crystal,Wilson,garciasusan@example.com,+1-983-427-2135x13216,24-05-2020 01:54,24-05-2020 01:54,10-07-2020 01:54
ANG0CYN5FOBV,Toni,Everett,joseph10@example.net,689.275.1932x413,24-03-2021 10:00,24-03-2021 10:00,16-02-2022 10:00
DCS5MPZ1HVQF,James,Rowe,adamramirez@example.com,7588567089,21-02-2022 01:13,21-02-2022 01:13,07-03-2022 01:13
NYD7MAZ5QDNK,Marilyn,Carroll,eellis@example.org,432-423-2402,09-10-2023 07:40,09-10-2023 07:40,09-02-2024 07:40
WAU2GMS8XGYE,Christine,Williams,angielane@example.org,001-918-847-2198x228,02-11-2021 19:36,02-11-2021 19:36,25-03-2022 19:36
FWL1QFU2OLSS,Jose,Huff,tyler25@example.org,267-720-5876x0915,14-05-2022 08:54,14-05-2022 08:54,27-06-2022 08:54
HET4XJQ6SBJF,Nathaniel,Valentine,wendybradley@example.net,001-936-200-4967x98506,25-04-2020 06:41,25-04-2020 06:41,20-11-2020 06:41
PLY5UTF9UHXO,Travis,Gordon,russellalexander@example.com,309-555-2355,17-05-2024 06:01,17-05-2024 06:01,19-09-2024 06:01
YTF5BDM8DJDS,Timothy,Sanchez,erika15@example.net,296-410-4173x35557,27-11-2021 14:36,27-11-2021 14:36,27-12-2021 14:36
SJZ0ZTB4DUGJ,Carolyn,Moody,jacksonkathleen@example.org,001-259-957-4793,23-10-2021 04:00,23-10-2021 04:00,06-03-2022 04:00
ZJL6TBY6ZGMU,Alexis,Brown,imeyer@example.net,001-264-306-6461,21-09-2020 08:37,21-09-2020 08:37,30-03-2021 08:37
LFZ1EUW9OADD,Alfred,Bautista,kimberlykoch@example.com,-3249,01-07-2024 18:11,01-07-2024 18:11,02-10-2024 18:11
FEE5PQL0RUOD,Kristen,Tucker,marcusgriffin@example.net,001-408-218-8302,04-12-2021 16:02,04-12-2021 16:02,17-02-2022 16:02
TNP8QAV1QLRF,Jennifer,Fisher,jeanette18@example.com,(903)822-5850x75022,21-08-2023 16:18,21-08-2023 16:18,22-04-2024 16:18
NEJ7XLT7UYUS,Cynthia,Butler,shawnajacobs@example.org,(579)705-9624x2195,13-08-2024 07:57,13-08-2024 07:57,04-09-2024 07:57
ZRJ2QNE5WNTZ,Rachel,Pham,charlesgarner@example.net,2079975968,19-06-2023 06:50,19-06-2023 06:50,09-07-2023 06:50
UOK4IOH8GAHV,Sean,Davidson,justinsherman@example.net,940.390.2746x75990,01-11-2022 11:12,01-11-2022 11:12,25-02-2023 11:12
SHJ2NHJ5GEAE,Linda,Cox,paulortiz@example.org,525.948.0068,07-05-2021 23:09,07-05-2021 23:09,20-10-2021 23:09
XUX3THX3MALK,William,Jones,forbesnathan@example.net,317-869-4649x6935,01-09-2021 01:51,01-09-2021 01:51,30-09-2021 01:51
MFI9AXP6MIAJ,Aaron,Buchanan,stonerobert@example.org,+1-557-448-6928x93588,09-10-2020 16:57,09-10-2020 16:57,15-09-2021 16:57
PBI6FKF5CZCA,Joshua,Daniels,kevinbarnes@example.org,-1518,06-02-2022 15:19,06-02-2022 15:19,09-05-2022 15:19
IUG0ZOY4WYYS,Stacie,Hernandez,vlambert@example.net,(500)410-4748,17-07-2023 07:07,17-07-2023 07:07,10-01-2024 07:07
RXQ6OXB2TXOA,Keith,Bryant,matthew83@example.com,+1-551-629-3785x88189,30-03-2020 15:16,30-03-2020 15:16,05-12-2020 15:16
XRT8QZY6FKAP,Robert,Stephens,villanuevajeanette@example.net,001-979-298-4221x7797,25-10-2020 09:48,25-10-2020 09:48,11-09-2021 09:48
JLU8IVJ8JUEZ,Tyler,Taylor,david97@example.net,200-527-8822,15-09-2023 02:45,15-09-2023 02:45,07-10-2023 02:45
STC5THZ7RTDG,Tara,Combs,vallen@example.com,7338578187,15-04-2023 10:32,15-04-2023 10:32,01-01-2024 10:32
CUU2GAQ4MGXF,Stephanie,Gutierrez,pateldouglas@example.net,001-367-516-1176x92824,30-06-2023 05:39,30-06-2023 05:39,21-07-2023 05:39
ZKZ4CAS7PPMM,Jesus,Miller,loganlee@example.net,(295)924-9965x95697,18-06-2020 05:10,18-06-2020 05:10,11-08-2020 05:10
FJD6VSA4VEPJ,Shannon,Little,jdouglas@example.net,434.980.0511x750,05-02-2023 00:09,05-02-2023 00:09,01-07-2023 00:09
OZG2IAM3OHQL,Dana,Hudson,cfoster@example.org,380-251-2401x32724,24-11-2022 12:33,24-11-2022 12:33,12-07-2023 12:33
WSZ3VPS4BETJ,Steven,Johnson,robersonelizabeth@example.net,3056884783,07-07-2021 11:44,07-07-2021 11:44,20-11-2021 11:44
TYY7XNR4FJSE,Bryce,Blankenship,fryan@example.net,593.722.2885x0821,14-11-2021 11:31,14-11-2021 11:31,22-10-2022 11:31
VID1TIF0QYCR,Ashley,Burch,nathan64@example.com,001-218-502-2960,01-03-2023 20:09,01-03-2023 20:09,30-06-2023 20:09
FVY4ICZ2COAJ,Nancy,Jones,ryanbaker@example.net,001-950-382-6625x086,11-08-2022 02:27,11-08-2022 02:27,31-07-2023 02:27
IOO7YED2VIAC,Michael,Lee,aclarke@example.org,001-412-686-3815,14-09-2023 08:05,14-09-2023 08:05,18-05-2024 08:05
TGZ1NMR1FXAQ,Randy,Graves,bradleyaguilar@example.org,982-557-1467x94974,01-03-2023 05:26,01-03-2023 05:26,10-10-2023 05:26
DPF5HWP4OYVB,Tyler,Walker,donald60@example.org,(339)969-1980x64491,20-07-2024 17:48,20-07-2024 17:48,08-10-2024 17:48
BAE3QOT4WGFN,Laura,Allen,kaustin@example.net,753.607.7016,20-09-2021 22:36,20-09-2021 22:36,27-09-2021 22:36
QAM2QEV8EOVY,Martha,Moore,bradleymartinez@example.com,(517)363-0704x7745,14-12-2021 10:47,14-12-2021 10:47,04-09-2022 10:47
LAK6VNS3IYVN,Mark,Spencer,sandra50@example.com,5896398576,23-05-2023 03:23,23-05-2023 03:23,15-12-2023 03:23
DGN8LJL4CITQ,Steven,Campos,christopher05@example.com,(527)784-0430x63692,15-10-2023 23:14,15-10-2023 23:14,12-11-2023 23:14
NWX3DGE7MISS,Henry,Castaneda,iflores@example.com,001-250-532-8751,30-07-2020 16:32,30-07-2020 16:32,25-06-2021 16:32
VOK4QOQ5NFHD,Nancy,Hernandez,jacksonpaul@example.org,+1-733-976-7249x828,06-10-2021 04:13,06-10-2021 04:13,30-11-2021 04:13
DDC9IFF1GZBL,Emily,Carpenter,jonesjustin@example.com,386-340-8415x6634,07-07-2021 14:43,07-07-2021 14:43,09-01-2022 14:43
ASC9ZEH8HSTQ,Michael,Davis,fkelly@example.org,-808,19-10-2020 15:39,19-10-2020 15:39,28-08-2021 15:39
QDX6ZIA5BKZS,Dean,Oneal,millerkristen@example.com,9496806674,17-07-2020 06:08,17-07-2020 06:08,23-06-2021 06:08
LCV7KAI9HKAC,Roy,Smith,stewartshirley@example.com,(712)964-7425,02-07-2020 03:32,02-07-2020 03:32,15-05-2021 03:32
ZEA0NCR7EHOV,Anthony,Carpenter,yrobinson@example.com,452-766-7709x67047,25-10-2020 05:53,25-10-2020 05:53,20-09-2021 05:53
GHI3TJN2RWZG,Brian,Hernandez,danielcruz@example.net,363.611.4974,23-10-2023 03:50,23-10-2023 03:50,05-04-2024 03:50
NBC5TZH8XUAY,Adam,Park,dustin82@example.com,911.914.8548x48190,17-09-2020 03:01,17-09-2020 03:01,21-10-2020 03:01
LKE7FXL0KLAD,Randall,Parker,megan51@example.org,+1-782-781-0005x5025,26-12-2021 05:09,26-12-2021 05:09,30-09-2022 05:09
PTQ7SVK1RDEL,Jennifer,Lester,gford@example.com,666-351-6146x78846,15-06-2024 20:54,15-06-2024 20:54,08-04-2025 20:54
WPV8VBD8SWHL,Bryce,Abbott,jennifer94@example.net,001-978-418-8125x595,12-10-2021 12:28,12-10-2021 12:28,03-04-2022 12:28
UXN3UWU0ZFEF,Brian,Hunter,olsoncharles@example.net,505-321-5175x329,25-05-2021 11:24,25-05-2021 11:24,09-04-2022 11:24
MNS8EUH8TFQU,Elizabeth,Thompson,joanrobles@example.net,2979071521,14-06-2024 03:50,14-06-2024 03:50,09-06-2025 03:50
UGR9GDD3FBDH,Laura,Juarez,uvazquez@example.net,308-981-3034x5570,13-08-2024 18:09,13-08-2024 18:09,03-11-2024 18:09
YNR3ZSF2PYYS,Lori,Moore,carrvickie@example.com,001-850-553-4612x7808,14-04-2023 10:39,14-04-2023 10:39,21-09-2023 10:39
LDE2PRT9IVSN,Mary,Tucker,rose29@example.org,+1-631-691-7070x8157,05-04-2023 01:12,05-04-2023 01:12,26-04-2023 01:12
MOF1XXP1TXCU,David,Vasquez,oscargreer@example.com,001-613-837-9128x3417,20-07-2023 09:14,20-07-2023 09:14,07-07-2024 09:14
XUQ7BQV0DOOV,Tracey,Dickson,jaimethompson@example.org,001-486-719-4603,27-02-2022 19:59,27-02-2022 19:59,08-04-2022 19:59
KZG0QJS4YAMX,Geoffrey,Meadows,michael31@example.net,360.391.1196,03-04-2024 16:44,03-04-2024 16:44,17-08-2024 16:44
JJX8MCL4KMWV,Christina,Jennings,oreed@example.com,001-455-940-3740x399,29-03-2023 06:45,29-03-2023 06:45,19-03-2024 06:45
YNG0ZBG7CIZX,Jason,Maynard,stevenking@example.org,(365)331-9780,13-03-2021 20:31,13-03-2021 20:31,02-11-2021 20:31
RNE2CKR0HIZQ,Kristen,Perez,kelly80@example.net,772-510-1807,03-01-2021 06:21,03-01-2021 06:21,30-10-2021 06:21
DLQ0KYC6MJAE,Brian,Hughes,desireereeves@example.com,778-289-7558,28-05-2021 03:02,28-05-2021 03:02,02-04-2022 03:02
EEE3SFT4THCD,James,Byrd,raymondsarah@example.com,813.444.0743,23-04-2023 09:47,23-04-2023 09:47,03-01-2024 09:47
IXC6IYF5YCPL,Jack,Beck,jonesbrittany@example.org,001-828-484-3926x1247,25-08-2024 17:16,25-08-2024 17:16,15-07-2025 17:16
ADC3BWS1TWZR,Erica,Pope,warrenharris@example.net,001-627-442-2036x8670,28-04-2022 07:24,28-04-2022 07:24,18-10-2022 07:24
PLH2ZXL5UPRQ,Christopher,Newton,jeremy41@example.com,551.952.2743,05-01-2023 14:40,05-01-2023 14:40,25-02-2023 14:40
ZFR2SBO4ZBWE,Samantha,Acosta,jamie26@example.com,+1-298-210-4571x48961,09-04-2022 02:20,09-04-2022 02:20,18-05-2022 02:20
RBX5JNB3XCNV,Jennifer,Townsend,briannelson@example.net,+1-993-441-1956x69435,10-05-2023 19:45,10-05-2023 19:45,26-12-2023 19:45
WRX6BXX8KLDM,Donna,Adams,tonyafrench@example.net,+1-945-760-2936x38106,11-05-2021 07:15,11-05-2021 07:15,15-02-2022 07:15
XEH0SFG5GOHM,Angela,Williams,rhodesmichael@example.org,(527)696-7605x4887,14-03-2024 15:41,14-03-2024 15:41,14-03-2025 15:41
OQA3KFH4BYTW,Rebecca,Jones,donaldcooper@example.org,+1-508-530-7396x606,07-08-2022 02:08,07-08-2022 02:08,10-07-2023 02:08
SLW8EWP9WLZG,Brian,Sullivan,bmacias@example.com,001-918-418-6394x767,14-06-2020 18:17,14-06-2020 18:17,27-09-2020 18:17
LPE1QMU8FTAD,Sean,Jones,richard76@example.net,895.365.6998x3622,21-02-2020 02:00,21-02-2020 02:00,20-05-2020 02:00
BTT1PHS6EUYQ,Gina,Parker,tbailey@example.com,+1-454-911-0593x13579,05-11-2021 11:40,05-11-2021 11:40,23-10-2022 11:40
FSU9HEQ3AIDE,Nina,Pena,spencergabriela@example.com,+1-798-895-1508x4827,05-05-2020 08:34,05-05-2020 08:34,12-07-2020 08:34
BKH6QOU1FCOA,Angela,Torres,morganlauren@example.com,(474)421-1713x3940,25-03-2020 11:45,25-03-2020 11:45,16-11-2020 11:45
THK3CRK5FWRL,Stephanie,Chaney,burnettdean@example.org,001-958-422-6099x14263,13-06-2021 19:10,13-06-2021 19:10,16-11-2021 19:10
GWQ6EIR6BOZB,Denise,Barnes,lopezelizabeth@example.net,537-871-8470,23-02-2021 04:23,23-02-2021 04:23,28-01-2022 04:23
NEY4XPE7FIQX,Grant,Garza,debrawilkins@example.org,533-707-1078x6437,14-06-2023 05:20,14-06-2023 05:20,18-09-2023 05:20
EXT5DJH5QVHA,Patricia,Giles,jcrawford@example.org,(492)252-1188x137,30-03-2024 03:37,30-03-2024 03:37,19-03-2025 03:37
XQU2ZLR9GPTH,Katrina,West,xwilliams@example.com,+1-553-342-9869x03288,17-12-2021 20:50,17-12-2021 20:50,12-06-2022 20:50
LEW5RFJ9RYGT,James,Moore,xcastillo@example.org,421.973.3682,01-11-2022 21:30,01-11-2022 21:30,15-10-2023 21:30
ZEI4PAR3IQTS,Jerry,Goodwin,sgeorge@example.com,001-279-522-4959x8857,03-10-2021 07:45,03-10-2021 07:45,07-03-2022 07:45
XTS4KBA8BXZN,Jessica,Blackwell,hgray@example.net,808-680-1337x479,10-06-2024 07:55,10-06-2024 07:55,01-07-2024 07:55
UZW6VHC8POPC,Jennifer,Sanchez,victoriamercado@example.net,+1-649-587-1178x056,04-03-2021 22:48,04-03-2021 22:48,10-01-2022 22:48
DFF2SRI3LQDO,Kristin,Ellis,granttiffany@example.com,203-236-7809x80875,25-03-2023 08:20,25-03-2023 08:20,04-11-2023 08:20
KUV5KRT7NKDE,Deborah,Rosales,zpetty@example.net,725-636-0398x26335,10-03-2021 02:44,10-03-2021 02:44,07-09-2021 02:44
YWI5LTE1FVMD,Carolyn,Castillo,ksmith@example.com,390.651.7299x110,15-06-2021 10:24,15-06-2021 10:24,03-10-2021 10:24
SPS7EDH1QVSV,Jeremy,Lewis,dereksmith@example.com,001-756-859-8512x190,04-10-2023 15:42,04-10-2023 15:42,24-07-2024 15:42
INU9ENO5WIFH,Christine,Gutierrez,znielsen@example.org,2062175636,30-03-2022 12:40,30-03-2022 12:40,22-04-2022 12:40
BOJ8LCM6PPMQ,Daniel,Cain,iblanchard@example.com,001-437-827-1014x95443,28-09-2021 19:07,28-09-2021 19:07,29-06-2022 19:07
CTI5LVE2YKCO,Carl,Ware,bethanyjohnson@example.net,(784)432-8157x0803,03-06-2021 09:19,03-06-2021 09:19,20-09-2021 09:19
JKI7SDB3RGBX,Kara,Ho,seth66@example.org,+1-994-590-5986x6343,28-07-2023 00:37,28-07-2023 00:37,19-10-2023 00:37
SIO8RJL7ZGTK,Megan,Bullock,bsanders@example.org,936-807-6742,09-10-2023 14:11,09-10-2023 14:11,09-05-2024 14:11
YXR7OQK6TVYJ,Wyatt,Solis,mgonzalez@example.com,(936)552-1770x3894,13-04-2023 02:22,13-04-2023 02:22,11-12-2023 02:22
JHS8NJB7LRCD,Jason,Brown,wmendoza@example.net,(663)302-2360x2299,24-02-2021 10:20,24-02-2021 10:20,18-03-2021 10:20
FAE4GLE8VSQD,Jessica,Smith,jamesneal@example.net,(624)958-0856,17-04-2020 04:28,17-04-2020 04:28,16-07-2020 04:28
CXM6QUA0UVUV,Christine,Olson,moodyjoe@example.org,+1-696-959-8223x6897,20-11-2020 13:39,20-11-2020 13:39,22-06-2021 13:39
JDW2JNB2SCUD,Heather,Morton,hfigueroa@example.com,001-429-571-4839x358,26-10-2023 01:46,26-10-2023 01:46,30-05-2024 01:46
GYN4HGS6BULC,Daniel,Wilkerson,kevinriley@example.net,(533)314-2934,30-01-2022 23:52,30-01-2022 23:52,02-05-2022 23:52
IIV4RNI7VCQQ,Jenny,Thornton,pamela57@example.com,001-330-383-2255,13-08-2020 07:08,13-08-2020 07:08,12-07-2021 07:08
RUZ2WWL3LSSF,Carmen,Garza,gregory25@example.com,312.366.0211x64254,23-09-2023 08:39,23-09-2023 08:39,10-04-2024 08:39
DTC5IVT8SOIE,Patricia,Foster,rebecca23@example.org,-5430,27-12-2022 01:23,27-12-2022 01:23,10-08-2023 01:23
UGE8LQX0CMTP,Travis,Wolfe,erikagates@example.com,283-518-0677x4018,26-05-2024 13:05,26-05-2024 13:05,23-09-2024 13:05
GVA5FQA0DPYB,Sandy,Morgan,byrdbrian@example.net,+1-733-774-0318x512,17-01-2020 10:41,17-01-2020 10:41,02-11-2020 10:41
OHQ9CIT9OBMO,Sarah,Robinson,michael43@example.org,367.776.6787x0647,10-10-2023 19:37,10-10-2023 19:37,14-02-2024 19:37
TCS8LAQ6ZZLK,Regina,Johnson,adixon@example.net,+1-666-612-9486x22697,27-03-2022 20:30,27-03-2022 20:30,01-11-2022 20:30
PNI9QLS0DZLJ,Richard,Phillips,nancy49@example.net,(498)398-0169x816,05-01-2022 12:59,05-01-2022 12:59,04-01-2023 12:59
IOQ8TPB7TSSV,Diana,Olson,duane40@example.net,+1-812-209-2651x310,10-09-2022 03:58,10-09-2022 03:58,12-09-2022 03:58
PDQ2VLP7DXGY,Thomas,Knapp,bishopvictoria@example.org,001-413-758-4267x1075,23-02-2021 02:36,23-02-2021 02:36,21-07-2021 02:36
YEI9KUB5XDPH,Colleen,Rich,gsuarez@example.org,-5770,14-07-2022 02:28,14-07-2022 02:28,31-12-2022 02:28
FMN8OTX0AQLV,James,Robinson,zimmermanbrian@example.net,001-481-328-6509,19-09-2021 02:11,19-09-2021 02:11,04-12-2021 02:11
BSV7CGN4WHMY,Kyle,Campbell,brownshelby@example.org,740.919.0196,30-01-2020 01:27,30-01-2020 01:27,10-02-2020 01:27
KCA0XOB4OTBS,Jennifer,Mclean,fmelendez@example.net,583-719-6330x859,19-07-2021 21:12,19-07-2021 21:12,07-06-2022 21:12
VKG5WPI5DLZC,Tina,Davis,davidwatkins@example.net,580.622.5800x480,10-08-2021 07:27,10-08-2021 07:27,27-10-2021 07:27
ZIQ7MUF5PIOX,Raymond,Morris,tramos@example.net,(540)208-7999x4350,08-01-2023 06:53,08-01-2023 06:53,03-12-2023 06:53
HUD3UUR3KOUA,Nicholas,Evans,awolf@example.net,363.202.0372,06-09-2021 21:07,06-09-2021 21:07,18-08-2022 21:07
RMP1VHY2CHCZ,Eric,Shaffer,davidrobinson@example.org,716-651-5033,03-10-2021 10:36,03-10-2021 10:36,23-06-2022 10:36
JHL9TJY7FVIN,Eric,Adams,amandamay@example.org,280-450-1554x05460,17-08-2020 16:04,17-08-2020 16:04,20-01-2021 16:04
ECM5LXD2CIJO,Frank,Doyle,andersoncatherine@example.com,9518556581,17-10-2022 09:45,17-10-2022 09:45,21-07-2023 09:45
RAM3JTY1SPKJ,Kelly,Bautista,collinsfrank@example.net,001-534-471-0325x2787,07-03-2024 19:17,07-03-2024 19:17,27-06-2024 19:17
POV8ZJM0SVHI,Jeffrey,Castillo,mckenzieward@example.com,(471)271-9022x26600,28-01-2020 01:40,28-01-2020 01:40,18-12-2020 01:40
KFU0WEZ0MTZC,Darren,Herrera,laurenmaddox@example.com,897-317-3746x805,24-02-2022 22:53,24-02-2022 22:53,31-07-2022 22:53
HEB2LXC2RYZY,Amanda,Richards,jason46@example.net,001-825-934-4894x985,26-02-2022 09:14,26-02-2022 09:14,20-05-2022 09:14
DIV4WZI4PQPX,Henry,Carpenter,wlittle@example.net,(543)239-0465x4388,17-07-2021 16:07,17-07-2021 16:07,09-09-2021 16:07
AIU8FWB5TLQO,John,Richardson,dellis@example.com,001-744-404-9521,27-03-2020 09:43,27-03-2020 09:43,28-03-2020 09:43
IVE1KDD9FWWB,Dylan,Hogan,rachel65@example.org,001-322-322-6030x78185,28-02-2023 13:25,28-02-2023 13:25,17-11-2023 13:25
QCM3LKE9UMUP,Peter,Walker,davidjohnston@example.org,758-239-2046x874,03-07-2022 04:19,03-07-2022 04:19,06-03-2023 04:19
ROG3QIK0KXHJ,Taylor,Williams,hendersonshawn@example.com,661.470.1975x916,29-09-2020 14:02,29-09-2020 14:02,09-11-2020 14:02
QUI0OSK0NZML,Jamie,Miller,qgreene@example.net,519.364.6879,19-06-2022 07:29,19-06-2022 07:29,13-09-2022 07:29
FOG6CXS7QIHA,Bryan,Mccall,brandon73@example.com,611-944-9284,18-10-2020 11:14,18-10-2020 11:14,02-07-2021 11:14
TYX6YWL7EOCO,Jason,Gonzalez,smithtyler@example.org,+1-500-973-3041x4086,23-05-2023 12:13,23-05-2023 12:13,18-07-2023 12:13
KPO4GPM6IEVE,Kristen,Harris,fcampbell@example.org,5674392710,25-03-2020 17:57,25-03-2020 17:57,21-11-2020 17:57
WFG3KNT7JVHO,William,Cain,kelly33@example.org,+1-591-825-2237x7543,07-07-2022 22:50,07-07-2022 22:50,18-04-2023 22:50
PTF6TJU6YRYD,Kenneth,Branch,christinadelgado@example.net,706.322.0403x09154,12-06-2020 04:59,12-06-2020 04:59,12-06-2021 04:59
UFA6WVN6RLVZ,Angela,Lamb,jonesmarissa@example.net,-10474,13-06-2022 13:14,13-06-2022 13:14,07-07-2022 13:14
JRT5NMD9SLBN,Erik,Taylor,efrancis@example.net,+1-260-769-8172x0786,12-06-2023 20:19,12-06-2023 20:19,07-12-2023 20:19
BJJ4TMW4GNJP,Matthew,Velasquez,rebeccanicholson@example.org,915.454.3270,14-04-2024 03:48,14-04-2024 03:48,29-04-2024 03:48
CVH8AZI6XVOL,Joseph,Hines,reedthomas@example.org,391.310.6720,09-01-2024 05:22,09-01-2024 05:22,07-11-2024 05:22
DTU4PDD4ANQF,Henry,Davis,marywalker@example.net,001-572-531-8640x317,28-05-2023 00:30,28-05-2023 00:30,02-12-2023 00:30
PRH7WFR3TNIL,Brenda,Ball,sara42@example.com,207-968-8828x709,11-03-2024 14:46,11-03-2024 14:46,06-01-2025 14:46
ONO9VTU2IJPV,Jared,Ross,ismith@example.org,948-785-2429x9366,21-04-2020 18:47,21-04-2020 18:47,26-07-2020 18:47
BIF2WYL2PCGH,Lisa,Taylor,bryantalice@example.com,254.736.7144x80738,24-09-2022 16:40,24-09-2022 16:40,07-08-2023 16:40
CKG8PBA2SCUD,Edwin,Sloan,carrieblevins@example.org,(237)767-3666x63366,12-02-2022 14:36,12-02-2022 14:36,30-08-2022 14:36
UCY9QZA5IBYM,Laura,Garcia,vpham@example.net,(867)802-3390x064,09-03-2023 02:07,09-03-2023 02:07,18-09-2023 02:07
AZJ5OBE0EWTJ,Connor,Lopez,vwood@example.com,710.392.3716,17-07-2021 15:06,17-07-2021 15:06,27-08-2021 15:06
IUB3FCW3ZYPE,Nicholas,Lee,ebond@example.org,5342040022,19-06-2020 04:20,19-06-2020 04:20,05-12-2020 04:20
WIQ8RNF7XGEG,Laura,Mccoy,martincheryl@example.com,372.335.9055,20-07-2024 21:54,20-07-2024 21:54,23-03-2025 21:54
CHT0GWU0SWGS,Benjamin,Castaneda,medinadwayne@example.net,996.397.4374x988,03-07-2021 22:22,03-07-2021 22:22,14-10-2021 22:22
XHK8MXZ7LNEB,Andre,Page,jwyatt@example.net,(678)814-3417,15-07-2022 12:08,15-07-2022 12:08,01-06-2023 12:08
QIA5EOC6HFXM,John,Branch,brianna20@example.org,+1-390-298-4520x4901,22-04-2024 06:19,22-04-2024 06:19,20-10-2024 06:19
OHG0KFN6JHCI,April,Perry,bbell@example.com,522.628.7681x810,09-07-2021 10:32,09-07-2021 10:32,27-07-2021 10:32
FVW7CZJ1DKYW,Larry,Lewis,qroberts@example.net,826.403.9098x02421,18-04-2022 12:49,18-04-2022 12:49,29-08-2022 12:49
DFY5XLP4YCJW,Anna,Castro,calebmclaughlin@example.net,001-588-807-0013,02-09-2022 06:42,02-09-2022 06:42,28-07-2023 06:42
HDL4UVI1MPZJ,Joseph,Wright,qmoore@example.net,309-382-5720x728,07-10-2020 13:10,07-10-2020 13:10,26-03-2021 13:10
GAL4FNZ8SJMA,Jocelyn,Cunningham,ccruz@example.org,001-766-974-2480x2727,28-01-2021 05:48,28-01-2021 05:48,16-06-2021 05:48
PIX6PGP4KGKY,Ashley,Morales,katie52@example.net,+1-728-886-3205x414,26-09-2023 22:27,26-09-2023 22:27,25-07-2024 22:27
DGI5THN9HARW,Jacqueline,Vasquez,jmartinez@example.org,395-569-1198x7833,20-04-2021 01:24,20-04-2021 01:24,31-08-2021 01:24
OXW5LIW4SIER,Jeremiah,Wilson,ifernandez@example.net,459-219-6974x8893,20-01-2020 13:42,20-01-2020 13:42,15-08-2020 13:42
OMA9MXF5XDRK,Yvonne,Thompson,ppowell@example.org,+1-264-462-4644x331,27-01-2024 08:32,27-01-2024 08:32,03-07-2024 08:32
RIM2QDZ9RSHS,Charles,Jones,websterkyle@example.com,001-532-275-6420,15-07-2024 14:38,15-07-2024 14:38,10-08-2024 14:38
GZI7FDA1TGXK,Kimberly,Diaz,kylewade@example.org,(346)790-0032x300,05-10-2023 09:05,05-10-2023 09:05,19-12-2023 09:05
YBS9MLG7PMTR,Michael,Gilbert,jimmybarber@example.net,(378)200-4359x9678,02-03-2021 11:13,02-03-2021 11:13,19-11-2021 11:13
KQX8VCO7VQIJ,Sean,Mason,morrisontrevor@example.net,+1-781-713-0533x393,18-06-2020 06:35,18-06-2020 06:35,24-06-2020 06:35
VUL4XET3RYWF,Dawn,Gomez,wliu@example.net,(577)993-4560,10-09-2021 05:23,10-09-2021 05:23,07-07-2022 05:23
FSD6TGY3YDEK,Jennifer,Mills,mary21@example.net,001-917-845-6844,28-04-2021 00:28,28-04-2021 00:28,11-08-2021 00:28
KXY0BZF1WFKC,Jennifer,Medina,jkelly@example.com,(718)649-9600x92646,06-02-2020 17:26,06-02-2020 17:26,07-10-2020 17:26
ATB3CCG7BDEY,Larry,Paul,sarah34@example.net,646.355.4602x0242,18-12-2021 07:52,18-12-2021 07:52,09-04-2022 07:52
QJQ0OKV8PVZQ,Robert,Gonzales,bsilva@example.org,584-341-6631x9738,29-11-2022 08:30,29-11-2022 08:30,17-12-2022 08:30
VIU0ZXE1TLJR,Ashley,Perez,travislori@example.com,001-415-363-2591x6192,05-08-2024 03:52,05-08-2024 03:52,12-01-2025 03:52
DUF1WGL2FZQV,Edward,Soto,uharrison@example.org,-2111,21-09-2021 08:41,21-09-2021 08:41,28-12-2021 08:41
HCB2NSQ5MZBG,Sarah,Davis,wmitchell@example.org,(616)353-2443x750,03-02-2020 07:56,03-02-2020 07:56,08-10-2020 07:56
AUD5IJV0IXQT,Christopher,Parker,websterjames@example.org,305.211.1577x95010,13-01-2020 07:40,13-01-2020 07:40,24-09-2020 07:40
NAJ1OGS7VBYS,Kathryn,Haney,hubbardsteven@example.net,001-886-945-3531x628,19-08-2024 05:46,19-08-2024 05:46,21-06-2025 05:46
THI7DSH0PWYU,Ryan,Novak,james81@example.com,(760)862-1632x3636,10-03-2021 07:20,10-03-2021 07:20,07-05-2021 07:20
MYP9YQZ1RYAD,Vanessa,Woodard,carlataylor@example.net,6992952457,09-07-2024 04:00,09-07-2024 04:00,19-02-2025 04:00
BKG7ABL1GCBJ,Tyler,Miller,jeffrey61@example.net,(942)950-8114,22-08-2021 11:49,22-08-2021 11:49,18-07-2022 11:49
MTF6TUR2PJDC,Jennifer,Thompson,rebecca27@example.org,580-800-1660,28-09-2022 10:46,28-09-2022 10:46,07-02-2023 10:46
RRT2BLX8YCTN,Randall,Jones,markhayden@example.org,314.841.5282,15-03-2024 04:21,15-03-2024 04:21,13-11-2024 04:21
SBI2VWO1CPUM,Rickey,Taylor,pamelamartinez@example.com,001-270-683-2001x66840,10-06-2022 08:47,10-06-2022 08:47,20-03-2023 08:47
DWZ6DGC8BMXO,Hannah,Wright,uguzman@example.org,(750)600-5227x845,13-06-2020 06:38,13-06-2020 06:38,30-06-2020 06:38
HMG8KNU6XFHD,Kathleen,Mendoza,ashley51@example.org,001-242-733-3740x53230,24-11-2023 03:23,24-11-2023 03:23,15-06-2024 03:23
OOY8ESD5MEQD,Phillip,Townsend,samanthaochoa@example.net,782.578.2434,22-04-2024 03:40,22-04-2024 03:40,09-02-2025 03:40
RQJ8OZF4AQQX,Rebecca,Beck,stacytaylor@example.net,+1-518-841-8087x69876,25-08-2022 09:21,25-08-2022 09:21,03-12-2022 09:21
RYZ1VDW0QFJJ,Brittany,Wood,ronaldbarrett@example.com,+1-530-252-8068x19606,13-06-2021 04:57,13-06-2021 04:57,25-05-2022 04:57
BNR3NLL0ZBCU,Daniel,Kramer,nixonhayley@example.net,001-395-701-4879x264,20-12-2023 23:09,20-12-2023 23:09,24-07-2024 23:09
EBU9ZOV8ODKQ,Monica,Daniel,edwardsheather@example.net,-7203,13-11-2023 04:09,13-11-2023 04:09,12-07-2024 04:09
FXO3ZKM0BDBF,Rhonda,Newton,aguilarcharles@example.com,530-840-3096x55650,20-10-2020 09:47,20-10-2020 09:47,05-10-2021 09:47
VJR3TBB3UOBN,Joseph,Clark,emily99@example.net,4147961503,25-06-2024 22:39,25-06-2024 22:39,27-07-2024 22:39
LAP1PYR4KDLH,Stacy,Miller,bbrown@example.com,325.538.9638,28-04-2021 16:45,28-04-2021 16:45,04-09-2021 16:45
HWS8SJY0DMFR,Ralph,Garner,oramirez@example.net,688.286.6777,24-01-2024 13:32,24-01-2024 13:32,09-02-2024 13:32
ISN6UEO1ZIFR,Jennifer,Francis,xgarrison@example.com,(919)734-3112x153,03-01-2021 21:43,03-01-2021 21:43,14-02-2021 21:43
HQC2OZZ2UCOQ,Erica,Warren,harpergordon@example.com,+1-964-862-7158x727,02-11-2021 22:33,02-11-2021 22:33,13-11-2021 22:33
AWR8REP4TSHY,Sean,Garcia,justinhoffman@example.org,989.438.6647x9245,22-01-2023 04:28,22-01-2023 04:28,18-12-2023 04:28
WQD1QNB3FSVS,Michael,Mercado,oboyer@example.net,001-501-693-8514,12-09-2022 18:30,12-09-2022 18:30,16-10-2022 18:30
LKX2PKF8DJBR,Harold,Cameron,melissa49@example.com,001-626-510-8000x108,04-10-2020 01:28,04-10-2020 01:28,25-11-2020 01:28
PJI0AZZ4ACUS,Charlene,Hill,davidsmith@example.org,430-835-0220,29-08-2020 03:06,29-08-2020 03:06,28-04-2021 03:06
UID8XNM8BKSQ,Cynthia,Webb,xhughes@example.org,326.214.5406,11-01-2024 00:14,11-01-2024 00:14,18-01-2024 00:14
DYB8IRR8JEVN,Dustin,Vazquez,prichardson@example.net,(482)853-6400,09-04-2021 07:39,09-04-2021 07:39,31-08-2021 07:39
JWR0UIB7PEQY,Gabrielle,Fernandez,linda97@example.com,449.522.0802x903,01-04-2024 07:59,01-04-2024 07:59,03-11-2024 07:59
HDT0SWH4DBQG,Amy,Crawford,sean26@example.com,+1-881-514-9900x656,12-12-2021 17:36,12-12-2021 17:36,11-11-2022 17:36
OSV6NQO3WALH,Caitlin,Sloan,james53@example.org,628-572-4363x4350,25-01-2020 10:46,25-01-2020 10:46,01-04-2020 10:46
OHU9HKO7XIQP,Robert,Brown,lisa76@example.org,6402695420,18-02-2022 04:37,18-02-2022 04:37,06-09-2022 04:37
CKT8NMI2IXEV,Richard,Nunez,stephanie73@example.net,001-585-406-5849x8655,16-12-2020 08:53,16-12-2020 08:53,17-04-2021 08:53
SNZ8CDO3FYBF,Steven,Mejia,morgandawn@example.org,720-373-1513x863,02-11-2020 00:34,02-11-2020 00:34,17-05-2021 00:34
VDN5LDC2USZX,Daniel,Wise,rebeccaortiz@example.org,(814)663-1870x362,15-06-2023 12:36,15-06-2023 12:36,18-11-2023 12:36
NIR2DXS7EWOX,Julia,Barton,nancy89@example.com,(683)723-2248x2460,20-11-2021 05:47,20-11-2021 05:47,31-05-2022 05:47
JGT6ZHK5PWSX,Jason,Carr,lisa11@example.net,001-587-668-5240x076,18-07-2023 19:36,18-07-2023 19:36,09-03-2024 19:36
WLK3UKT2OOPQ,Jonathan,Valdez,josephtownsend@example.net,920-225-1570,03-12-2021 16:38,03-12-2021 16:38,28-05-2022 16:38
FSL5ICU8QAYL,Breanna,Bates,rileydavid@example.com,291-763-5962x604,05-11-2021 01:56,05-11-2021 01:56,21-07-2022 01:56
ZBS5BKL0ENRN,William,Barnes,michaelmorales@example.net,001-656-780-5563x87448,02-06-2022 06:52,02-06-2022 06:52,27-05-2023 06:52
HYJ7XUQ2UBCC,Ryan,Morgan,qgarner@example.net,(475)930-0969,08-04-2021 16:14,08-04-2021 16:14,20-12-2021 16:14
DVK2RNW0IASZ,Richard,Lawrence,smithkatherine@example.com,001-411-240-5103x1368,03-02-2024 17:48,03-02-2024 17:48,29-07-2024 17:48
ZWE3ARK4DWLG,Elaine,May,austinpope@example.com,(870)760-5191x14719,30-04-2020 16:11,30-04-2020 16:11,20-10-2020 16:11
NRD8JRV7JHZV,Paul,Mendez,laurenschultz@example.com,001-764-877-4663x07622,19-06-2020 00:41,19-06-2020 00:41,08-12-2020 00:41
RSZ0LYS4VYOM,Mark,Soto,brandonbrown@example.net,(241)664-1768,12-09-2022 12:10,12-09-2022 12:10,07-01-2023 12:10
HUJ5UZH1VERP,Tina,Williams,emma73@example.net,-10083,02-09-2023 12:20,02-09-2023 12:20,22-07-2024 12:20
KWM3HPI0BYPV,Aaron,Brewer,gallagherdeborah@example.org,400-912-9345x00694,30-10-2022 10:21,30-10-2022 10:21,14-11-2022 10:21
ECE5XAU8ZNBO,Elizabeth,Barton,gibsonrick@example.net,456-236-0754x24941,04-07-2020 12:14,04-07-2020 12:14,09-05-2021 12:14
YJY1PMO2YMIV,Ryan,Brown,yriley@example.com,7633420412,04-06-2024 19:03,04-06-2024 19:03,31-10-2024 19:03
XBA8AWF5SZAP,Cristina,Kramer,guerrerorebecca@example.com,+1-283-943-1472x1220,22-02-2024 04:39,22-02-2024 04:39,04-06-2024 04:39
AXE5YCV3FEEW,Lauren,Sanders,qhernandez@example.net,001-311-992-8991x412,10-06-2020 03:23,10-06-2020 03:23,29-04-2021 03:23
BBZ8AEP1CJBQ,Matthew,Chavez,woodarddavid@example.org,(250)952-9581,04-10-2021 19:24,04-10-2021 19:24,25-05-2022 19:24
VQA2RIS8GIVV,Willie,Thomas,galvananthony@example.org,637.772.5825,07-01-2021 12:42,07-01-2021 12:42,09-11-2021 12:42
ZVJ0NCS0PCPW,Autumn,King,carriewells@example.net,7893141434,17-03-2024 17:19,17-03-2024 17:19,05-02-2025 17:19
BNZ9SEQ2FMAP,Cory,Taylor,nicholasprice@example.net,(387)255-3007,06-06-2021 01:33,06-06-2021 01:33,06-10-2021 01:33
EHF1QQX3QJAL,Michael,Garcia,ellisonanthony@example.com,744.985.2188x9086,17-01-2023 16:12,17-01-2023 16:12,06-06-2023 16:12
ZQC0TOJ1TECJ,Andrew,Johnson,vlove@example.com,765.382.2123,22-01-2023 00:42,22-01-2023 00:42,02-01-2024 00:42
GQO4OUM7CKAG,Daniel,Lowery,donald26@example.net,244-998-1789x712,01-04-2021 04:04,01-04-2021 04:04,11-10-2021 04:04
EHK3BCW9NYEX,Andrea,Zamora,mendezchristopher@example.com,9988036526,23-05-2024 03:14,23-05-2024 03:14,07-01-2025 03:14
BND9TGM0XNFS,Christopher,Barber,lparker@example.net,6679123627,23-11-2022 22:47,23-11-2022 22:47,13-05-2023 22:47
TCF0LHD5XNCI,Anita,Velasquez,robertrobbins@example.com,+1-413-338-9940x13364,10-01-2023 15:27,10-01-2023 15:27,25-08-2023 15:27
JZF2PVI5DQVP,John,Ochoa,afisher@example.org,(774)238-7535,22-08-2023 22:28,22-08-2023 22:28,16-10-2023 22:28
EYJ4TBL8BSXN,Brandon,Tran,nicholaskeith@example.net,842-324-1536,05-09-2021 03:37,05-09-2021 03:37,18-12-2021 03:37
DYI8TFU9FHPS,Bobby,Hurst,stephenbryant@example.org,+1-254-895-5994x63096,24-05-2021 10:45,24-05-2021 10:45,22-01-2022 10:45
QXC5OPA0SWKN,Tanner,Day,lvelez@example.net,+1-289-253-5787x63993,30-04-2020 12:14,30-04-2020 12:14,21-10-2020 12:14
PJC2MRS1GFUY,Sarah,Aguirre,elizabethchase@example.org,230-491-4056x336,18-01-2023 07:12,18-01-2023 07:12,12-05-2023 07:12
TPW7HAN4CFDR,Emily,Ruiz,phillipreyes@example.org,+1-525-441-8139x144,25-09-2020 13:03,25-09-2020 13:03,24-10-2020 13:03
BQQ9UZM2IYEL,Carla,Riddle,smithsue@example.org,755.918.1576,08-08-2020 03:53,08-08-2020 03:53,06-12-2020 03:53
HQP2GCF6YKEV,Linda,Roberts,qdurham@example.net,257.814.5600,03-09-2023 03:15,03-09-2023 03:15,19-02-2024 03:15
JEW3HWD9HVBE,Kathy,Williams,toni79@example.com,001-355-424-7781x058,09-03-2021 17:17,09-03-2021 17:17,05-08-2021 17:17
WYL3OZH8YIBZ,James,Jordan,harrisdiana@example.org,001-923-467-6225x070,27-02-2021 22:51,27-02-2021 22:51,31-08-2021 22:51
WDV1AKC9LLHH,Cassandra,Simon,donna32@example.org,2452055283,08-01-2021 18:36,08-01-2021 18:36,08-09-2021 18:36
AMD4PTI5JGME,Tracy,Patel,zmcdonald@example.com,(555)753-6733,22-06-2020 16:06,22-06-2020 16:06,20-09-2020 16:06
AIC5TQX3XSXR,Joshua,Matthews,miranda10@example.com,811.503.5642,14-10-2020 10:27,14-10-2020 10:27,28-02-2021 10:27
GVZ1OSL6CAIP,Pamela,Mendez,sandra21@example.net,910-506-5062,10-02-2021 16:01,10-02-2021 16:01,17-04-2021 16:01
RYP0GFO9IYWA,Janet,Carter,johnbradshaw@example.net,001-260-481-3047x7316,28-09-2020 06:44,28-09-2020 06:44,29-09-2020 06:44
HCI3WGP0RNGI,Shawn,Vega,andersoncarolyn@example.org,925-558-1407x45619,02-07-2020 18:59,02-07-2020 18:59,23-05-2021 18:59
NTI2ELP8JLFE,Lindsey,Scott,harrisroberto@example.net,(590)986-4022x4017,13-10-2023 11:12,13-10-2023 11:12,06-07-2024 11:12
QTJ5OKE0KTCF,David,Snyder,johnsonkenneth@example.net,-4797,21-08-2024 16:26,21-08-2024 16:26,25-10-2024 16:26
SUJ3TZP2TZNI,Christopher,Kramer,mitchellkayla@example.org,+1-437-660-0829x49147,12-03-2024 01:23,12-03-2024 01:23,18-02-2025 01:23
LJP4NTK2OWOO,Debra,Henry,jbowman@example.org,353.200.4932,07-06-2023 17:06,07-06-2023 17:06,27-09-2023 17:06
AQN6GPF1DRDE,Deanna,Hayes,jmurray@example.com,903.595.6427x864,17-04-2023 17:08,17-04-2023 17:08,19-04-2023 17:08
HSS8NGM0QKEW,Jose,Wells,stacy23@example.net,473.525.4016,07-08-2022 17:32,07-08-2022 17:32,09-05-2023 17:32
YPI9HPH3UTMN,Jody,Collins,sarafowler@example.com,-7874,30-07-2023 03:13,30-07-2023 03:13,12-03-2024 03:13
LFQ7BDB0YKJE,Jean,Rhodes,ncarter@example.org,(606)542-4467x15042,02-06-2021 06:03,02-06-2021 06:03,09-10-2021 06:03
APG3HXI2WWKM,Jessica,Jones,holly11@example.com,9626547930,06-07-2021 17:00,06-07-2021 17:00,15-02-2022 17:00
JZO0FUX1IUTU,Jessica,Peters,jamesmiller@example.com,(433)742-0914x79399,11-12-2020 02:32,11-12-2020 02:32,10-07-2021 02:32
GBT3GLU3GUJH,Sara,Moore,david79@example.org,001-639-401-3958x02766,04-09-2020 05:11,04-09-2020 05:11,05-06-2021 05:11
KIH0ZSM4KCKT,Susan,Wall,chamberstiffany@example.com,+1-842-357-4608x5736,24-05-2024 12:06,24-05-2024 12:06,04-11-2024 12:06
KAW8QVV7ONUH,Jennifer,Tran,james29@example.net,001-834-753-8302,14-12-2021 23:23,14-12-2021 23:23,23-12-2021 23:23
YGV5ZJA0PZMT,David,Howard,smithkaitlin@example.net,227.371.0399x19497,05-05-2022 02:22,05-05-2022 02:22,21-11-2022 02:22
OSE7OHC8EGMF,William,Thompson,isaac85@example.net,001-931-513-7968,15-10-2022 14:19,15-10-2022 14:19,03-06-2023 14:19
NXE9RDP9RJDL,Christopher,Reyes,bryan36@example.net,-10741,16-04-2020 23:28,16-04-2020 23:28,03-04-2021 23:28
LBU8ITW3OIBM,Julia,Stephenson,torreskimberly@example.net,001-995-515-8458x149,03-08-2021 16:22,03-08-2021 16:22,04-05-2022 16:22
HPW1IIO4XPHZ,Nathan,Rice,ycunningham@example.com,+1-564-510-4062x2228,23-09-2021 13:01,23-09-2021 13:01,10-12-2021 13:01
XEA5WGV4SVXI,Sara,Martinez,othomas@example.com,(610)581-4582x6565,30-03-2024 07:23,30-03-2024 07:23,26-07-2024 07:23
TGM2LCZ5NHLE,Valerie,Gordon,amber56@example.com,792.217.9592,23-06-2020 21:00,23-06-2020 21:00,27-04-2021 21:00
NDH9DEP2FRYR,Phyllis,Pierce,cassidy46@example.net,001-918-612-3770,20-03-2023 13:32,20-03-2023 13:32,07-05-2023 13:32
GUA4OPG2RNCO,Rachel,Knight,nkennedy@example.com,321-819-8940x4892,24-12-2023 08:23,24-12-2023 08:23,12-02-2024 08:23
TRG0SPF6YXSB,Austin,Hoffman,mwest@example.com,469.274.4622,06-11-2022 12:18,06-11-2022 12:18,23-02-2023 12:18
XXS0AIY8PVJK,Jeffrey,Madden,josephwilliams@example.com,+1-210-860-1105x0992,28-06-2023 01:18,28-06-2023 01:18,07-01-2024 01:18
EDQ2QEV8FCNM,Ryan,Sims,kyle37@example.com,(872)788-0381x6920,03-05-2023 05:16,03-05-2023 05:16,27-06-2023 05:16
HGC2PTO5KSNG,Katherine,Morales,nguyenmichael@example.org,263-932-9087x90238,04-07-2021 10:24,04-07-2021 10:24,04-06-2022 10:24
RRJ2GVU0BTKG,Amanda,Hoffman,matthew85@example.com,(873)768-7418x3588,08-07-2021 23:01,08-07-2021 23:01,18-04-2022 23:01
FKL2NAY4GRFO,Susan,Smith,douglas06@example.org,456-749-3585x804,18-01-2024 22:27,18-01-2024 22:27,31-12-2024 22:27
WTN4QWD9VEWY,Paige,Herrera,annette61@example.net,717-767-7051,29-05-2024 18:57,29-05-2024 18:57,02-08-2024 18:57
PYR1JJM4JTAI,Billy,Arnold,katrina05@example.org,+1-538-657-7078x012,29-05-2021 13:45,29-05-2021 13:45,02-04-2022 13:45
RIS0ZYW6CHVM,Cassandra,Brown,taylorford@example.net,(792)335-4197,22-06-2021 03:15,22-06-2021 03:15,10-07-2021 03:15
SOZ2VNW2ZQCN,Cassie,Fischer,bryanwoods@example.net,(738)837-6691,12-01-2020 18:17,12-01-2020 18:17,14-12-2020 18:17
IDY9HEP8ZJDM,Devon,Russell,williamsjeffrey@example.org,001-558-753-6513x54155,25-07-2021 00:02,25-07-2021 00:02,18-06-2022 00:02
AIJ2AYW1TSZF,Marcus,Duran,anthonyrollins@example.org,762.500.5098,16-02-2021 20:19,16-02-2021 20:19,04-04-2021 20:19
HZX9CYI3MIJR,Patricia,Hernandez,allenmatthew@example.com,471-496-9808,20-10-2020 07:10,20-10-2020 07:10,22-04-2021 07:10
UUZ4AAP8DMLN,Emma,Dickerson,danielleshannon@example.com,001-686-906-6163,05-02-2023 12:29,05-02-2023 12:29,15-01-2024 12:29
SDY1HQJ2AIYX,Stacey,Stuart,leslietaylor@example.org,(400)330-6423x04156,27-03-2022 05:45,27-03-2022 05:45,01-12-2022 05:45
HGI7SPS3GWZC,Richard,Bradley,markwarren@example.net,+1-319-388-8994x70555,23-09-2023 12:21,23-09-2023 12:21,25-10-2023 12:21
EYG5WTW2HGWH,Joseph,Evans,brandycampbell@example.org,663.885.7680x17214,04-05-2021 05:11,04-05-2021 05:11,18-09-2021 05:11
ORH8WMZ1SHXM,Sarah,Johnson,danielestrada@example.com,(711)635-4296x0001,28-06-2020 07:06,28-06-2020 07:06,27-07-2020 07:06
CGQ1VSS5XIJT,Brittney,Wilson,deborah11@example.org,4228391315,13-06-2020 22:53,13-06-2020 22:53,20-12-2020 22:53
WDJ9FVE3AVQY,Maria,Cook,hunterjoe@example.org,3656454045,10-08-2021 23:10,10-08-2021 23:10,28-01-2022 23:10
LGS9VZA5ECTP,James,Ayers,phopkins@example.net,001-962-388-2625,03-08-2022 05:17,03-08-2022 05:17,08-04-2023 05:17
RJD0DDM7CQLL,Christopher,Fox,djohnson@example.com,(489)431-7922x84950,29-05-2024 20:58,29-05-2024 20:58,06-05-2025 20:58
BPP2MQO8CYER,Claire,Mcfarland,davidwilliams@example.net,818.338.8474x109,26-07-2020 02:15,26-07-2020 02:15,19-06-2021 02:15
JXY2RWS6LESV,James,Bautista,cainrandy@example.net,(539)268-1283,10-01-2024 06:25,10-01-2024 06:25,08-08-2024 06:25
PHH2GRS5VVAP,Joseph,Flowers,jeffreywilson@example.org,(609)749-1843x2597,01-02-2024 19:59,01-02-2024 19:59,20-10-2024 19:59
INN8HXC7GJIF,Chase,Mccarthy,sabrinarivera@example.org,654.702.7355,07-04-2022 21:41,07-04-2022 21:41,14-09-2022 21:41
UWC6DSK6ZPDT,Valerie,Gray,aliciajones@example.net,2767887023,11-01-2023 03:47,11-01-2023 03:47,23-05-2023 03:47
HZC2BUL4TKSH,Jeffrey,Lin,jamesmichelle@example.net,393-294-3927x504,28-12-2020 07:51,28-12-2020 07:51,27-12-2021 07:51
MWT1LYC8OZHU,Danny,Goodman,alexandernichols@example.net,626.842.0930,01-04-2024 06:23,01-04-2024 06:23,16-02-2025 06:23
ZQM6MGM9AVOG,Ruth,Lynch,claytontyrone@example.com,+1-493-629-7542x46522,30-01-2023 22:52,30-01-2023 22:52,27-05-2023 22:52
XZC9GHU8PIHQ,Caitlin,Wiley,autumnhernandez@example.org,3112339136,17-11-2020 23:43,17-11-2020 23:43,02-10-2021 23:43
LBQ3EUV9VNGH,Jonathan,Wilson,iwong@example.org,(797)396-7069,22-02-2024 16:50,22-02-2024 16:50,01-09-2024 16:50
NCQ7TLP6YQAX,Joel,Moss,heathermartinez@example.com,+1-741-893-6305x2384,15-12-2021 10:51,15-12-2021 10:51,19-05-2022 10:51
EBZ3RQN2RUTR,Brandon,Levy,ellispatricia@example.org,307-522-8758,05-02-2024 05:12,05-02-2024 05:12,22-04-2024 05:12
STA0WTN1NHRW,Juan,Jones,phillip21@example.org,(915)593-2527x66582,03-04-2020 22:37,03-04-2020 22:37,15-03-2021 22:37
WIX8GOM2XMKS,Martin,Jones,jeremybaker@example.com,928-280-2914,03-01-2023 07:37,03-01-2023 07:37,20-09-2023 07:37
,,,,,,,
,,,,,,,
,,,,,,,
,,,,,,,
,,,,,,,
,,,,,,,
,,,,,,,
,,,,,,,
,,,,,,,
,,,,,,,
,,,,,,,
,,,,,,,
,,,,,,,
,,,,,,,
,,,,,,,
,,,,,,,
,,,,,,,
,,,,,,,
,,,,,,,
,,,,,,,
,,,,,,,
,,,,,,,
,,,,,,,
,,,,,,,
,,,,,,,
,,,,,,,
,,,,,,,
,,,,,,,
,,,,,,,
,,,,,,,
,,,,,,,
,,,,,,,
,,,,,,,
,,,,,,,
,,,,,,,
,,,,,,,
,,,,,,,
,,,,,,,
,,,,,,,
,,,,,,,
,,,,,,,
,,,,,,,
,,,,,,,
,,,,,,,
,,,,,,,
,,,,,,,
,,,,,,,
,,,,,,,
,,,,,,,
,,,,,,,
,,,,,,,
,,,,,,,
,,,,,,,
,,,,,,,
,,,,,,,
,,,,,,,
,,,,,,,
,,,,,,,
,,,,,,,
,,,,,,,
,,,,,,,
,,,,,,,
,,,,,,,
,,,,,,,
,,,,,,,
,,,,,,,
,,,,,,,
,,,,,,,
,,,,,,,
,,,,,,,
,,,,,,,
,,,,,,,
,,,,,,,
,,,,,,,
,,,,,,,
,,,,,,,
,,,,,,,
,,,,,,,
,,,,,,,
,,,,,,,
,,,,,,,
,,,,,,,
,,,,,,,
,,,,,,,
,,,,,,,
,,,,,,,
,,,,,,,
,,,,,,,
,,,,,,,
,,,,,,,
,,,,,,,
,,,,,,,
,,,,,,,
,,,,,,,
,,,,,,,
,,,,,,,
,,,,,,,
,,,,,,,
,,,,,,,
,,,,,,,
,,,,,,,
,,,,,,,
,,,,,,,
,,,,,,,
,,,,,,,
,,,,,,,
,,,,,,,
,,,,,,,
,,,,,,,
,,,,,,,
,,,,,,,
,,,,,,,
,,,,,,,
,,,,,,,
,,,,,,,
,,,,,,,
,,,,,,,
,,,,,,,
,,,,,,,
,,,,,,,
,,,,,,,
,,,,,,,
,,,,,,,
,,,,,,,
,,,,,,,
,,,,,,,
,,,,,,,
,,,,,,,
,,,,,,,
,,,,,,,
,,,,,,,
,,,,,,,
,,,,,,,
,,,,,,,
,,,,,,,
,,,,,,,
,,,,,,,
,,,,,,,
,,,,,,,
,,,,,,,
,,,,,,,
,,,,,,,
,,,,,,,
,,,,,,,
,,,,,,,
,,,,,,,
,,,,,,,
,,,,,,,
,,,,,,,
,,,,,,,
,,,,,,,
,,,,,,,
,,,,,,,
,,,,,,,
,,,,,,,
,,,,,,,
,,,,,,,
,,,,,,,
,,,,,,,
,,,,,,,
,,,,,,,
,,,,,,,
,,,,,,,
,,,,,,,
,,,,,,,
,,,,,,,
,,,,,,,
,,,,,,,
,,,,,,,
,,,,,,,
,,,,,,,
,,,,,,,
,,,,,,,
,,,,,,,
,,,,,,,
,,,,,,,
,,,,,,,
,,,,,,,
,,,,,,,
,,,,,,,
,,,,,,,
,,,,,,,
,,,,,,,
,,,,,,,
,,,,,,,
,,,,,,,
,,,,,,,
,,,,,,,
,,,,,,,
,,,,,,,
,,,,,,,
,,,,,,,
,,,,,,,
,,,,,,,
,,,,,,,
,,,,,,,
,,,,,,,
,,,,,,,
,,,,,,,
,,,,,,,
,,,,,,,
,,,,,,,
,,,,,,,
,,,,,,,
,,,,,,,
,,,,,,,
,,,,,,,
,,,,,,,
,,,,,,,
,,,,,,,
,,,,,,,
,,,,,,,
,,,,,,,
,,,,,,,
,,,,,,,
,,,,,,,
,,,,,,,
,,,,,,,
,,,,,,,
,,,,,,,
,,,,,,,
,,,,,,,
,,,,,,,
,,,,,,,
,,,,,,,
,,,,,,,
,,,,,,,
,,,,,,,
,,,,,,,
,,,,,,,
,,,,,,,
,,,,,,,
,,,,,,,
,,,,,,,
,,,,,,,
,,,,,,,
,,,,,,,
,,,,,,,
,,,,,,,
,,,,,,,
,,,,,,,
,,,,,,,
,,,,,,,
,,,,,,,
,,,,,,,
,,,,,,,
,,,,,,,
,,,,,,,
,,,,,,,
,,,,,,,
,,,,,,,
,,,,,,,
,,,,,,,
,,,,,,,
,,,,,,,
,,,,,,,
,,,,,,,
,,,,,,,
,,,,,,,
,,,,,,,
,,,,,,,
,,,,,,,
,,,,,,,
,,,,,,,
,,,,,,,
,,,,,,,
,,,,,,,
,,,,,,,
,,,,,,,
,,,,,,,
,,,,,,,
,,,,,,,
,,,,,,,
,,,,,,,
,,,,,,,
,,,,,,,
,,,,,,,
,,,,,,,
,,,,,,,
,,,,,,,
,,,,,,,
,,,,,,,
,,,,,,,
,,,,,,,
,,,,,,,
,,,,,,,
,,,,,,,
,,,,,,,
,,,,,,,
,,,,,,,
,,,,,,,
,,,,,,,
,,,,,,,
,,,,,,,
,,,,,,,
,,,,,,,
,,,,,,,
,,,,,,,
,,,,,,,
,,,,,,,
,,,,,,,
,,,,,,,
,,,,,,,
,,,,,,,
,,,,,,,
,,,,,,,
,,,,,,,
,,,,,,,
,,,,,,,
,,,,,,,
,,,,,,,
,,,,,,,
,,,,,,,
,,,,,,,
,,,,,,,
,,,,,,,
,,,,,,,
,,,,,,,
,,,,,,,
,,,,,,,
